match_date,season,team1,team2,winner,rest_t1,rest_t2,rest_diff,t1_won
2008-04-21,2008,Rajasthan Royals,Kings XI Punjab,Rajasthan Royals,2,2,0,1
2008-04-22,2008,Deccan Chargers,Delhi Daredevils,Delhi Daredevils,2,3,-1,0
2008-04-23,2008,Chennai Super Kings,Mumbai Indians,Chennai Super Kings,4,3,1,1
2008-04-24,2008,Deccan Chargers,Rajasthan Royals,Rajasthan Royals,2,3,-1,0
2008-04-25,2008,Kings XI Punjab,Mumbai Indians,Kings XI Punjab,4,2,2,1
2008-04-26,2008,Chennai Super Kings,Kolkata Knight Riders,Chennai Super Kings,3,6,-3,1
2008-04-26,2008,Royal Challengers Bangalore,Rajasthan Royals,Rajasthan Royals,6,2,4,0
2008-04-27,2008,Kings XI Punjab,Delhi Daredevils,Kings XI Punjab,2,5,-3,1
2008-04-27,2008,Mumbai Indians,Deccan Chargers,Deccan Chargers,2,3,-1,0
2008-04-28,2008,Royal Challengers Bangalore,Chennai Super Kings,Chennai Super Kings,2,2,0,0
2008-04-29,2008,Kolkata Knight Riders,Mumbai Indians,Mumbai Indians,3,2,1,0
2008-04-30,2008,Delhi Daredevils,Royal Challengers Bangalore,Delhi Daredevils,3,2,1,1
2008-05-01,2008,Rajasthan Royals,Kolkata Knight Riders,Rajasthan Royals,5,2,3,1
2008-05-01,2008,Deccan Chargers,Kings XI Punjab,Kings XI Punjab,4,4,0,0
2008-05-02,2008,Chennai Super Kings,Delhi Daredevils,Delhi Daredevils,4,2,2,0
2008-05-03,2008,Royal Challengers Bangalore,Deccan Chargers,Royal Challengers Bangalore,3,2,1,1
2008-05-03,2008,Kings XI Punjab,Kolkata Knight Riders,Kings XI Punjab,2,2,0,1
2008-05-04,2008,Mumbai Indians,Delhi Daredevils,Mumbai Indians,5,2,3,1
2008-05-04,2008,Rajasthan Royals,Chennai Super Kings,Rajasthan Royals,3,2,1,1
2008-05-05,2008,Royal Challengers Bangalore,Kings XI Punjab,Kings XI Punjab,2,2,0,0
2008-05-06,2008,Chennai Super Kings,Deccan Chargers,Deccan Chargers,2,3,-1,0
2008-05-07,2008,Mumbai Indians,Rajasthan Royals,Mumbai Indians,3,3,0,1
2008-05-08,2008,Kolkata Knight Riders,Royal Challengers Bangalore,Kolkata Knight Riders,5,3,2,1
2008-05-08,2008,Delhi Daredevils,Chennai Super Kings,Chennai Super Kings,4,2,2,0
2008-05-09,2008,Rajasthan Royals,Deccan Chargers,Rajasthan Royals,2,3,-1,1
2008-05-10,2008,Chennai Super Kings,Kings XI Punjab,Chennai Super Kings,2,5,-3,1
2008-05-11,2008,Rajasthan Royals,Delhi Daredevils,Rajasthan Royals,2,3,-1,1
2008-05-11,2008,Deccan Chargers,Kolkata Knight Riders,Kolkata Knight Riders,2,3,-1,0
2008-05-12,2008,Kings XI Punjab,Royal Challengers Bangalore,Kings XI Punjab,2,4,-2,1
2008-05-13,2008,Kolkata Knight Riders,Delhi Daredevils,Kolkata Knight Riders,2,2,0,1
2008-05-14,2008,Mumbai Indians,Chennai Super Kings,Mumbai Indians,7,4,3,1
2008-05-15,2008,Delhi Daredevils,Deccan Chargers,Delhi Daredevils,2,4,-2,1
2008-05-16,2008,Mumbai Indians,Kolkata Knight Riders,Mumbai Indians,2,3,-1,1
2008-05-17,2008,Delhi Daredevils,Kings XI Punjab,Kings XI Punjab,2,5,-3,0
2008-05-17,2008,Rajasthan Royals,Royal Challengers Bangalore,Rajasthan Royals,6,5,1,1
2008-05-18,2008,Kolkata Knight Riders,Chennai Super Kings,Chennai Super Kings,2,4,-2,0
2008-05-18,2008,Deccan Chargers,Mumbai Indians,Mumbai Indians,3,2,1,0
2008-05-19,2008,Royal Challengers Bangalore,Delhi Daredevils,Delhi Daredevils,2,2,0,0
2008-05-20,2008,Kolkata Knight Riders,Rajasthan Royals,Rajasthan Royals,2,3,-1,0
2008-05-21,2008,Mumbai Indians,Kings XI Punjab,Kings XI Punjab,3,4,-1,0
2008-05-21,2008,Chennai Super Kings,Royal Challengers Bangalore,Royal Challengers Bangalore,3,2,1,0
2008-05-23,2008,Kings XI Punjab,Deccan Chargers,Kings XI Punjab,2,5,-3,1
2008-05-24,2008,Chennai Super Kings,Rajasthan Royals,Rajasthan Royals,3,4,-1,0
2008-05-24,2008,Delhi Daredevils,Mumbai Indians,Delhi Daredevils,5,3,2,1
2008-05-25,2008,Kolkata Knight Riders,Kings XI Punjab,Kolkata Knight Riders,5,2,3,1
2008-05-25,2008,Deccan Chargers,Royal Challengers Bangalore,Royal Challengers Bangalore,2,4,-2,0
2008-05-26,2008,Rajasthan Royals,Mumbai Indians,Rajasthan Royals,2,2,0,1
2008-05-27,2008,Deccan Chargers,Chennai Super Kings,Chennai Super Kings,2,3,-1,0
2008-05-28,2008,Royal Challengers Bangalore,Mumbai Indians,Mumbai Indians,3,2,1,0
2008-05-28,2008,Kings XI Punjab,Rajasthan Royals,Kings XI Punjab,3,2,1,1
2008-05-30,2008,Delhi Daredevils,Rajasthan Royals,Rajasthan Royals,6,2,4,0
2008-05-31,2008,Chennai Super Kings,Kings XI Punjab,Chennai Super Kings,4,3,1,1
2008-06-01,2008,Chennai Super Kings,Rajasthan Royals,Rajasthan Royals,1,2,-1,0
2009-04-20,2009,Royal Challengers Bangalore,Chennai Super Kings,Chennai Super Kings,2,2,0,0
2009-04-21,2009,Kings XI Punjab,Kolkata Knight Riders,Kolkata Knight Riders,2,2,0,0
2009-04-22,2009,Royal Challengers Bangalore,Deccan Chargers,Deccan Chargers,2,3,-1,0
2009-04-23,2009,Chennai Super Kings,Delhi Daredevils,Delhi Daredevils,3,4,-1,0
2009-04-24,2009,Royal Challengers Bangalore,Kings XI Punjab,Kings XI Punjab,2,3,-1,0
2009-04-25,2009,Deccan Chargers,Mumbai Indians,Deccan Chargers,3,7,-4,1
2009-04-26,2009,Royal Challengers Bangalore,Delhi Daredevils,Delhi Daredevils,2,3,-1,0
2009-04-26,2009,Kings XI Punjab,Rajasthan Royals,Kings XI Punjab,2,8,-6,1
2009-04-27,2009,Chennai Super Kings,Deccan Chargers,Deccan Chargers,4,2,2,0
2009-04-27,2009,Kolkata Knight Riders,Mumbai Indians,Mumbai Indians,6,2,4,0
2009-04-28,2009,Delhi Daredevils,Rajasthan Royals,Rajasthan Royals,2,2,0,0
2009-04-29,2009,Royal Challengers Bangalore,Kolkata Knight Riders,Royal Challengers Bangalore,3,2,1,1
2009-04-29,2009,Kings XI Punjab,Mumbai Indians,Kings XI Punjab,3,2,1,1
2009-04-30,2009,Chennai Super Kings,Rajasthan Royals,Chennai Super Kings,3,2,1,1
2009-04-30,2009,Deccan Chargers,Delhi Daredevils,Delhi Daredevils,3,2,1,0
2009-05-01,2009,Royal Challengers Bangalore,Kings XI Punjab,Royal Challengers Bangalore,2,2,0,1
2009-05-01,2009,Kolkata Knight Riders,Mumbai Indians,Mumbai Indians,2,2,0,0
2009-05-02,2009,Deccan Chargers,Rajasthan Royals,Rajasthan Royals,2,2,0,0
2009-05-02,2009,Chennai Super Kings,Delhi Daredevils,Chennai Super Kings,2,2,0,1
2009-05-03,2009,Kings XI Punjab,Kolkata Knight Riders,Kings XI Punjab,2,2,0,1
2009-05-03,2009,Royal Challengers Bangalore,Mumbai Indians,Royal Challengers Bangalore,2,2,0,1
2009-05-04,2009,Chennai Super Kings,Deccan Chargers,Chennai Super Kings,2,2,0,1
2009-05-05,2009,Kings XI Punjab,Rajasthan Royals,Rajasthan Royals,2,3,-1,0
2009-05-05,2009,Delhi Daredevils,Kolkata Knight Riders,Delhi Daredevils,3,2,1,1
2009-05-06,2009,Deccan Chargers,Mumbai Indians,Deccan Chargers,2,3,-1,1
2009-05-07,2009,Royal Challengers Bangalore,Rajasthan Royals,Rajasthan Royals,4,2,2,0
2009-05-07,2009,Chennai Super Kings,Kings XI Punjab,Chennai Super Kings,3,2,1,1
2009-05-08,2009,Delhi Daredevils,Mumbai Indians,Delhi Daredevils,3,2,1,1
2009-05-09,2009,Deccan Chargers,Kings XI Punjab,Kings XI Punjab,3,2,1,0
2009-05-09,2009,Chennai Super Kings,Rajasthan Royals,Chennai Super Kings,2,2,0,1
2009-05-10,2009,Delhi Daredevils,Kolkata Knight Riders,Delhi Daredevils,2,5,-3,1
2009-05-10,2009,Royal Challengers Bangalore,Mumbai Indians,Mumbai Indians,3,2,1,0
2009-05-11,2009,Deccan Chargers,Rajasthan Royals,Deccan Chargers,2,2,0,1
2009-05-12,2009,Royal Challengers Bangalore,Kolkata Knight Riders,Royal Challengers Bangalore,2,2,0,1
2009-05-12,2009,Kings XI Punjab,Mumbai Indians,Mumbai Indians,3,2,1,0
2009-05-13,2009,Deccan Chargers,Delhi Daredevils,Delhi Daredevils,2,3,-1,0
2009-05-14,2009,Royal Challengers Bangalore,Chennai Super Kings,Royal Challengers Bangalore,2,5,-3,1
2009-05-14,2009,Mumbai Indians,Rajasthan Royals,Rajasthan Royals,2,3,-1,0
2009-05-15,2009,Delhi Daredevils,Kings XI Punjab,Kings XI Punjab,2,3,-1,0
2009-05-16,2009,Deccan Chargers,Kolkata Knight Riders,Deccan Chargers,3,4,-1,1
2009-05-16,2009,Chennai Super Kings,Mumbai Indians,Chennai Super Kings,2,2,0,1
2009-05-17,2009,Delhi Daredevils,Rajasthan Royals,Delhi Daredevils,2,3,-1,1
2009-05-17,2009,Deccan Chargers,Kings XI Punjab,Kings XI Punjab,1,2,-1,0
2009-05-18,2009,Chennai Super Kings,Kolkata Knight Riders,Kolkata Knight Riders,2,2,0,0
2009-05-19,2009,Royal Challengers Bangalore,Delhi Daredevils,Royal Challengers Bangalore,5,2,3,1
2009-05-20,2009,Kolkata Knight Riders,Rajasthan Royals,Kolkata Knight Riders,2,3,-1,1
2009-05-20,2009,Chennai Super Kings,Kings XI Punjab,Chennai Super Kings,2,3,-1,1
2009-05-21,2009,Delhi Daredevils,Mumbai Indians,Delhi Daredevils,2,5,-3,1
2009-05-21,2009,Royal Challengers Bangalore,Deccan Chargers,Royal Challengers Bangalore,2,4,-2,1
2009-05-22,2009,Delhi Daredevils,Deccan Chargers,Deccan Chargers,1,1,0,0
2009-05-23,2009,Royal Challengers Bangalore,Chennai Super Kings,Royal Challengers Bangalore,2,3,-1,1
2009-05-24,2009,Royal Challengers Bangalore,Deccan Chargers,Deccan Chargers,1,2,-1,0
2010-03-15,2010,Rajasthan Royals,Delhi Daredevils,Delhi Daredevils,2,2,0,0
2010-03-16,2010,Royal Challengers Bangalore,Kings XI Punjab,Royal Challengers Bangalore,2,3,-1,1
2010-03-16,2010,Kolkata Knight Riders,Chennai Super Kings,Chennai Super Kings,2,2,0,0
2010-03-17,2010,Delhi Daredevils,Mumbai Indians,Mumbai Indians,2,4,-2,0
2010-03-18,2010,Royal Challengers Bangalore,Rajasthan Royals,Royal Challengers Bangalore,2,3,-1,1
2010-03-19,2010,Deccan Chargers,Kings XI Punjab,Deccan Chargers,5,3,2,1
2010-03-19,2010,Delhi Daredevils,Chennai Super Kings,Chennai Super Kings,2,3,-1,0
2010-03-20,2010,Rajasthan Royals,Kolkata Knight Riders,Rajasthan Royals,2,4,-2,1
2010-03-20,2010,Mumbai Indians,Royal Challengers Bangalore,Royal Challengers Bangalore,3,2,1,0
2010-03-21,2010,Deccan Chargers,Delhi Daredevils,Deccan Chargers,2,2,0,1
2010-03-22,2010,Mumbai Indians,Kolkata Knight Riders,Mumbai Indians,2,2,0,1
2010-03-23,2010,Royal Challengers Bangalore,Chennai Super Kings,Royal Challengers Bangalore,3,4,-1,1
2010-03-24,2010,Kings XI Punjab,Rajasthan Royals,Rajasthan Royals,5,4,1,0
2010-03-25,2010,Royal Challengers Bangalore,Delhi Daredevils,Delhi Daredevils,2,4,-2,0
2010-03-25,2010,Chennai Super Kings,Mumbai Indians,Mumbai Indians,2,3,-1,0
2010-03-26,2010,Rajasthan Royals,Deccan Chargers,Rajasthan Royals,2,5,-3,1
2010-03-27,2010,Kings XI Punjab,Kolkata Knight Riders,Kolkata Knight Riders,3,5,-2,0
2010-03-28,2010,Deccan Chargers,Mumbai Indians,Mumbai Indians,2,3,-1,0
2010-03-28,2010,Rajasthan Royals,Chennai Super Kings,Rajasthan Royals,2,3,-1,1
2010-03-29,2010,Delhi Daredevils,Kolkata Knight Riders,Delhi Daredevils,4,2,2,1
2010-03-30,2010,Mumbai Indians,Kings XI Punjab,Mumbai Indians,2,3,-1,1
2010-03-31,2010,Chennai Super Kings,Royal Challengers Bangalore,Chennai Super Kings,3,6,-3,1
2010-03-31,2010,Delhi Daredevils,Rajasthan Royals,Delhi Daredevils,2,3,-1,1
2010-04-01,2010,Kolkata Knight Riders,Deccan Chargers,Kolkata Knight Riders,3,4,-1,1
2010-04-02,2010,Kings XI Punjab,Royal Challengers Bangalore,Royal Challengers Bangalore,3,2,1,0
2010-04-03,2010,Chennai Super Kings,Rajasthan Royals,Chennai Super Kings,3,3,0,1
2010-04-03,2010,Mumbai Indians,Deccan Chargers,Mumbai Indians,4,2,2,1
2010-04-04,2010,Delhi Daredevils,Royal Challengers Bangalore,Delhi Daredevils,4,2,2,1
2010-04-04,2010,Kolkata Knight Riders,Kings XI Punjab,Kings XI Punjab,3,2,1,0
2010-04-05,2010,Deccan Chargers,Rajasthan Royals,Rajasthan Royals,2,2,0,0
2010-04-06,2010,Chennai Super Kings,Mumbai Indians,Chennai Super Kings,3,3,0,1
2010-04-07,2010,Kolkata Knight Riders,Delhi Daredevils,Kolkata Knight Riders,3,3,0,1
2010-04-07,2010,Rajasthan Royals,Kings XI Punjab,Rajasthan Royals,2,3,-1,1
2010-04-08,2010,Royal Challengers Bangalore,Deccan Chargers,Deccan Chargers,4,3,1,0
2010-04-09,2010,Kings XI Punjab,Mumbai Indians,Kings XI Punjab,2,3,-1,1
2010-04-10,2010,Deccan Chargers,Chennai Super Kings,Deccan Chargers,2,4,-2,1
2010-04-10,2010,Royal Challengers Bangalore,Kolkata Knight Riders,Royal Challengers Bangalore,2,3,-1,1
2010-04-11,2010,Rajasthan Royals,Mumbai Indians,Mumbai Indians,4,2,2,0
2010-04-11,2010,Delhi Daredevils,Kings XI Punjab,Kings XI Punjab,4,2,2,0
2010-04-12,2010,Deccan Chargers,Royal Challengers Bangalore,Deccan Chargers,2,2,0,1
2010-04-13,2010,Chennai Super Kings,Kolkata Knight Riders,Chennai Super Kings,3,3,0,1
2010-04-13,2010,Mumbai Indians,Delhi Daredevils,Mumbai Indians,2,2,0,1
2010-04-14,2010,Rajasthan Royals,Royal Challengers Bangalore,Royal Challengers Bangalore,3,2,1,0
2010-04-15,2010,Chennai Super Kings,Delhi Daredevils,Delhi Daredevils,2,2,0,0
2010-04-16,2010,Kings XI Punjab,Deccan Chargers,Deccan Chargers,5,4,1,0
2010-04-17,2010,Kolkata Knight Riders,Rajasthan Royals,Kolkata Knight Riders,4,3,1,1
2010-04-17,2010,Royal Challengers Bangalore,Mumbai Indians,Mumbai Indians,3,4,-1,0
2010-04-18,2010,Kings XI Punjab,Chennai Super Kings,Chennai Super Kings,2,3,-1,0
2010-04-18,2010,Delhi Daredevils,Deccan Chargers,Deccan Chargers,3,2,1,0
2010-04-19,2010,Kolkata Knight Riders,Mumbai Indians,Kolkata Knight Riders,2,2,0,1
2010-04-21,2010,Royal Challengers Bangalore,Mumbai Indians,Mumbai Indians,4,2,2,0
2010-04-22,2010,Chennai Super Kings,Deccan Chargers,Chennai Super Kings,4,4,0,1
2010-04-24,2010,Royal Challengers Bangalore,Deccan Chargers,Royal Challengers Bangalore,3,2,1,1
2010-04-25,2010,Chennai Super Kings,Mumbai Indians,Chennai Super Kings,3,4,-1,1
2011-04-11,2011,Kolkata Knight Riders,Deccan Chargers,Kolkata Knight Riders,3,2,1,1
2011-04-12,2011,Royal Challengers Bangalore,Mumbai Indians,Mumbai Indians,3,2,1,0
2011-04-12,2011,Rajasthan Royals,Delhi Daredevils,Rajasthan Royals,3,2,1,1
2011-04-13,2011,Kings XI Punjab,Chennai Super Kings,Kings XI Punjab,3,5,-2,1
2011-04-13,2011,Pune Warriors,Kochi Tuskers Kerala,Pune Warriors,3,4,-1,1
2011-04-14,2011,Deccan Chargers,Royal Challengers Bangalore,Deccan Chargers,3,2,1,1
2011-04-15,2011,Mumbai Indians,Kochi Tuskers Kerala,Kochi Tuskers Kerala,3,2,1,0
2011-04-15,2011,Rajasthan Royals,Kolkata Knight Riders,Kolkata Knight Riders,3,4,-1,0
2011-04-16,2011,Chennai Super Kings,Royal Challengers Bangalore,Chennai Super Kings,3,2,1,1
2011-04-16,2011,Deccan Chargers,Kings XI Punjab,Kings XI Punjab,2,3,-1,0
2011-04-17,2011,Pune Warriors,Delhi Daredevils,Delhi Daredevils,4,5,-1,0
2011-04-17,2011,Kolkata Knight Riders,Rajasthan Royals,Kolkata Knight Riders,2,2,0,1
2011-04-18,2011,Kochi Tuskers Kerala,Chennai Super Kings,Kochi Tuskers Kerala,3,2,1,1
2011-04-19,2011,Delhi Daredevils,Deccan Chargers,Deccan Chargers,2,3,-1,0
2011-04-20,2011,Kolkata Knight Riders,Kochi Tuskers Kerala,Kochi Tuskers Kerala,3,2,1,0
2011-04-20,2011,Mumbai Indians,Pune Warriors,Mumbai Indians,5,3,2,1
2011-04-21,2011,Kings XI Punjab,Rajasthan Royals,Kings XI Punjab,5,4,1,1
2011-04-22,2011,Kolkata Knight Riders,Royal Challengers Bangalore,Royal Challengers Bangalore,2,6,-4,0
2011-04-22,2011,Mumbai Indians,Chennai Super Kings,Mumbai Indians,2,4,-2,1
2011-04-23,2011,Delhi Daredevils,Kings XI Punjab,Delhi Daredevils,4,2,2,1
2011-04-24,2011,Rajasthan Royals,Kochi Tuskers Kerala,Rajasthan Royals,3,4,-1,1
2011-04-24,2011,Deccan Chargers,Mumbai Indians,Mumbai Indians,5,2,3,0
2011-04-25,2011,Chennai Super Kings,Pune Warriors,Chennai Super Kings,3,5,-2,1
2011-04-26,2011,Delhi Daredevils,Royal Challengers Bangalore,Royal Challengers Bangalore,3,4,-1,0
2011-04-27,2011,Kochi Tuskers Kerala,Deccan Chargers,Deccan Chargers,3,3,0,0
2011-04-27,2011,Pune Warriors,Chennai Super Kings,Chennai Super Kings,2,2,0,0
2011-04-28,2011,Delhi Daredevils,Kolkata Knight Riders,Kolkata Knight Riders,2,6,-4,0
2011-04-29,2011,Royal Challengers Bangalore,Pune Warriors,Royal Challengers Bangalore,3,2,1,1
2011-04-29,2011,Rajasthan Royals,Mumbai Indians,Rajasthan Royals,5,5,0,1
2011-04-30,2011,Kolkata Knight Riders,Kings XI Punjab,Kolkata Knight Riders,2,7,-5,1
2011-04-30,2011,Kochi Tuskers Kerala,Delhi Daredevils,Delhi Daredevils,3,2,1,0
2011-05-01,2011,Chennai Super Kings,Deccan Chargers,Chennai Super Kings,4,4,0,1
2011-05-01,2011,Rajasthan Royals,Pune Warriors,Rajasthan Royals,2,2,0,1
2011-05-02,2011,Mumbai Indians,Kings XI Punjab,Mumbai Indians,3,2,1,1
2011-05-02,2011,Delhi Daredevils,Kochi Tuskers Kerala,Kochi Tuskers Kerala,2,2,0,0
2011-05-03,2011,Deccan Chargers,Kolkata Knight Riders,Kolkata Knight Riders,2,3,-1,0
2011-05-04,2011,Pune Warriors,Mumbai Indians,Mumbai Indians,3,2,1,0
2011-05-04,2011,Chennai Super Kings,Rajasthan Royals,Chennai Super Kings,3,3,0,1
2011-05-05,2011,Kochi Tuskers Kerala,Kolkata Knight Riders,Kochi Tuskers Kerala,3,2,1,1
2011-05-05,2011,Deccan Chargers,Delhi Daredevils,Delhi Daredevils,2,3,-1,0
2011-05-06,2011,Royal Challengers Bangalore,Kings XI Punjab,Royal Challengers Bangalore,7,4,3,1
2011-05-07,2011,Mumbai Indians,Delhi Daredevils,Mumbai Indians,3,2,1,1
2011-05-07,2011,Kolkata Knight Riders,Chennai Super Kings,Kolkata Knight Riders,2,3,-1,1
2011-05-08,2011,Royal Challengers Bangalore,Kochi Tuskers Kerala,Royal Challengers Bangalore,2,3,-1,1
2011-05-08,2011,Kings XI Punjab,Pune Warriors,Pune Warriors,2,4,-2,0
2011-05-09,2011,Rajasthan Royals,Chennai Super Kings,Chennai Super Kings,5,2,3,0
2011-05-10,2011,Kings XI Punjab,Mumbai Indians,Kings XI Punjab,2,3,-1,1
2011-05-10,2011,Deccan Chargers,Pune Warriors,Pune Warriors,5,2,3,0
2011-05-11,2011,Rajasthan Royals,Royal Challengers Bangalore,Royal Challengers Bangalore,2,3,-1,0
2011-05-12,2011,Chennai Super Kings,Delhi Daredevils,Chennai Super Kings,3,5,-2,1
2011-05-13,2011,Kochi Tuskers Kerala,Kings XI Punjab,Kings XI Punjab,5,3,2,0
2011-05-14,2011,Royal Challengers Bangalore,Kolkata Knight Riders,Royal Challengers Bangalore,3,7,-4,1
2011-05-14,2011,Mumbai Indians,Deccan Chargers,Deccan Chargers,4,4,0,0
2011-05-15,2011,Kings XI Punjab,Delhi Daredevils,Kings XI Punjab,2,3,-1,1
2011-05-15,2011,Kochi Tuskers Kerala,Rajasthan Royals,Kochi Tuskers Kerala,2,4,-2,1
2011-05-16,2011,Pune Warriors,Deccan Chargers,Deccan Chargers,6,2,4,0
2011-05-17,2011,Kings XI Punjab,Royal Challengers Bangalore,Kings XI Punjab,2,3,-1,1
2011-05-18,2011,Chennai Super Kings,Kochi Tuskers Kerala,Chennai Super Kings,6,3,3,1
2011-05-19,2011,Pune Warriors,Kolkata Knight Riders,Kolkata Knight Riders,3,5,-2,0
2011-05-20,2011,Mumbai Indians,Rajasthan Royals,Rajasthan Royals,6,5,1,0
2011-05-21,2011,Kings XI Punjab,Deccan Chargers,Deccan Chargers,4,5,-1,0
2011-05-22,2011,Kolkata Knight Riders,Mumbai Indians,Mumbai Indians,3,2,1,0
2011-05-22,2011,Royal Challengers Bangalore,Chennai Super Kings,Royal Challengers Bangalore,5,4,1,1
2011-05-24,2011,Royal Challengers Bangalore,Chennai Super Kings,Chennai Super Kings,2,2,0,0
2011-05-25,2011,Mumbai Indians,Kolkata Knight Riders,Mumbai Indians,3,3,0,1
2011-05-27,2011,Royal Challengers Bangalore,Mumbai Indians,Royal Challengers Bangalore,3,2,1,1
2011-05-28,2011,Chennai Super Kings,Royal Challengers Bangalore,Chennai Super Kings,4,1,3,1
2012-04-08,2012,Rajasthan Royals,Kolkata Knight Riders,Rajasthan Royals,2,3,-1,1
2012-04-08,2012,Pune Warriors,Kings XI Punjab,Pune Warriors,2,2,0,1
2012-04-09,2012,Deccan Chargers,Mumbai Indians,Mumbai Indians,2,3,-1,0
2012-04-10,2012,Royal Challengers Bangalore,Kolkata Knight Riders,Kolkata Knight Riders,3,2,1,0
2012-04-10,2012,Delhi Daredevils,Chennai Super Kings,Delhi Daredevils,3,3,0,1
2012-04-11,2012,Mumbai Indians,Rajasthan Royals,Mumbai Indians,2,3,-1,1
2012-04-12,2012,Chennai Super Kings,Royal Challengers Bangalore,Chennai Super Kings,2,2,0,1
2012-04-12,2012,Kings XI Punjab,Pune Warriors,Kings XI Punjab,4,4,0,1
2012-04-13,2012,Kolkata Knight Riders,Rajasthan Royals,Kolkata Knight Riders,3,2,1,1
2012-04-14,2012,Pune Warriors,Chennai Super Kings,Pune Warriors,2,2,0,1
2012-04-15,2012,Kolkata Knight Riders,Kings XI Punjab,Kings XI Punjab,2,3,-1,0
2012-04-15,2012,Royal Challengers Bangalore,Rajasthan Royals,Rajasthan Royals,3,2,1,0
2012-04-16,2012,Mumbai Indians,Delhi Daredevils,Delhi Daredevils,5,6,-1,0
2012-04-17,2012,Rajasthan Royals,Deccan Chargers,Rajasthan Royals,2,8,-6,1
2012-04-17,2012,Royal Challengers Bangalore,Pune Warriors,Royal Challengers Bangalore,2,3,-1,1
2012-04-18,2012,Kings XI Punjab,Kolkata Knight Riders,Kolkata Knight Riders,3,3,0,0
2012-04-19,2012,Delhi Daredevils,Deccan Chargers,Delhi Daredevils,3,2,1,1
2012-04-19,2012,Chennai Super Kings,Pune Warriors,Chennai Super Kings,5,2,3,1
2012-04-20,2012,Kings XI Punjab,Royal Challengers Bangalore,Royal Challengers Bangalore,2,3,-1,0
2012-04-21,2012,Delhi Daredevils,Pune Warriors,Pune Warriors,2,2,0,0
2012-04-21,2012,Chennai Super Kings,Rajasthan Royals,Chennai Super Kings,2,4,-2,1
2012-04-22,2012,Mumbai Indians,Kings XI Punjab,Kings XI Punjab,6,2,4,0
2012-04-22,2012,Deccan Chargers,Kolkata Knight Riders,Kolkata Knight Riders,3,4,-1,0
2012-04-23,2012,Rajasthan Royals,Royal Challengers Bangalore,Royal Challengers Bangalore,2,3,-1,0
2012-04-24,2012,Pune Warriors,Delhi Daredevils,Delhi Daredevils,3,3,0,0
2012-04-25,2012,Kings XI Punjab,Mumbai Indians,Mumbai Indians,3,3,0,0
2012-04-26,2012,Pune Warriors,Deccan Chargers,Deccan Chargers,2,4,-2,0
2012-04-27,2012,Delhi Daredevils,Mumbai Indians,Delhi Daredevils,3,2,1,1
2012-04-28,2012,Chennai Super Kings,Kings XI Punjab,Kings XI Punjab,7,3,4,0
2012-04-28,2012,Kolkata Knight Riders,Royal Challengers Bangalore,Kolkata Knight Riders,6,5,1,1
2012-04-29,2012,Mumbai Indians,Deccan Chargers,Mumbai Indians,2,3,-1,1
2012-04-29,2012,Delhi Daredevils,Rajasthan Royals,Delhi Daredevils,2,6,-4,1
2012-04-30,2012,Chennai Super Kings,Kolkata Knight Riders,Kolkata Knight Riders,2,2,0,0
2012-05-01,2012,Rajasthan Royals,Delhi Daredevils,Delhi Daredevils,2,2,0,0
2012-05-01,2012,Deccan Chargers,Pune Warriors,Deccan Chargers,2,5,-3,1
2012-05-02,2012,Royal Challengers Bangalore,Kings XI Punjab,Kings XI Punjab,4,4,0,0
2012-05-03,2012,Pune Warriors,Mumbai Indians,Mumbai Indians,2,4,-2,0
2012-05-04,2012,Chennai Super Kings,Deccan Chargers,Chennai Super Kings,4,3,1,1
2012-05-05,2012,Kings XI Punjab,Rajasthan Royals,Rajasthan Royals,3,4,-1,0
2012-05-05,2012,Kolkata Knight Riders,Pune Warriors,Kolkata Knight Riders,5,2,3,1
2012-05-06,2012,Mumbai Indians,Chennai Super Kings,Mumbai Indians,3,2,1,1
2012-05-06,2012,Royal Challengers Bangalore,Deccan Chargers,Royal Challengers Bangalore,4,2,2,1
2012-05-07,2012,Delhi Daredevils,Kolkata Knight Riders,Kolkata Knight Riders,6,2,4,0
2012-05-08,2012,Pune Warriors,Rajasthan Royals,Rajasthan Royals,3,3,0,0
2012-05-08,2012,Deccan Chargers,Kings XI Punjab,Kings XI Punjab,2,3,-1,0
2012-05-09,2012,Mumbai Indians,Royal Challengers Bangalore,Royal Challengers Bangalore,3,3,0,0
2012-05-10,2012,Deccan Chargers,Delhi Daredevils,Delhi Daredevils,2,3,-1,0
2012-05-10,2012,Rajasthan Royals,Chennai Super Kings,Chennai Super Kings,2,4,-2,0
2012-05-11,2012,Pune Warriors,Royal Challengers Bangalore,Royal Challengers Bangalore,3,2,1,0
2012-05-12,2012,Chennai Super Kings,Delhi Daredevils,Chennai Super Kings,2,2,0,1
2012-05-12,2012,Kolkata Knight Riders,Mumbai Indians,Mumbai Indians,5,3,2,0
2012-05-13,2012,Rajasthan Royals,Pune Warriors,Rajasthan Royals,3,2,1,1
2012-05-13,2012,Kings XI Punjab,Deccan Chargers,Kings XI Punjab,5,3,2,1
2012-05-14,2012,Kolkata Knight Riders,Chennai Super Kings,Chennai Super Kings,2,2,0,0
2012-05-14,2012,Royal Challengers Bangalore,Mumbai Indians,Mumbai Indians,3,2,1,0
2012-05-15,2012,Delhi Daredevils,Kings XI Punjab,Delhi Daredevils,3,2,1,1
2012-05-16,2012,Mumbai Indians,Kolkata Knight Riders,Kolkata Knight Riders,2,2,0,0
2012-05-17,2012,Kings XI Punjab,Chennai Super Kings,Kings XI Punjab,2,3,-1,1
2012-05-17,2012,Delhi Daredevils,Royal Challengers Bangalore,Royal Challengers Bangalore,2,3,-1,0
2012-05-18,2012,Deccan Chargers,Rajasthan Royals,Deccan Chargers,5,5,0,1
2012-05-19,2012,Kings XI Punjab,Delhi Daredevils,Delhi Daredevils,2,2,0,0
2012-05-19,2012,Pune Warriors,Kolkata Knight Riders,Kolkata Knight Riders,6,3,3,0
2012-05-20,2012,Deccan Chargers,Royal Challengers Bangalore,Deccan Chargers,2,3,-1,1
2012-05-20,2012,Rajasthan Royals,Mumbai Indians,Mumbai Indians,2,4,-2,0
2012-05-22,2012,Delhi Daredevils,Kolkata Knight Riders,Kolkata Knight Riders,3,3,0,0
2012-05-23,2012,Chennai Super Kings,Mumbai Indians,Chennai Super Kings,6,3,3,1
2012-05-25,2012,Delhi Daredevils,Chennai Super Kings,Chennai Super Kings,3,2,1,0
2012-05-27,2012,Kolkata Knight Riders,Chennai Super Kings,Kolkata Knight Riders,5,2,3,1
2013-04-08,2013,Rajasthan Royals,Kolkata Knight Riders,Rajasthan Royals,2,5,-3,1
2013-04-09,2013,Royal Challengers Bangalore,Sunrisers Hyderabad,Royal Challengers Bangalore,5,4,1,1
2013-04-09,2013,Mumbai Indians,Delhi Daredevils,Mumbai Indians,3,3,0,1
2013-04-10,2013,Kings XI Punjab,Chennai Super Kings,Chennai Super Kings,3,4,-1,0
2013-04-11,2013,Pune Warriors,Rajasthan Royals,Pune Warriors,4,3,1,1
2013-04-11,2013,Royal Challengers Bangalore,Kolkata Knight Riders,Royal Challengers Bangalore,2,3,-1,1
2013-04-12,2013,Delhi Daredevils,Sunrisers Hyderabad,Sunrisers Hyderabad,3,3,0,0
2013-04-13,2013,Chennai Super Kings,Royal Challengers Bangalore,Chennai Super Kings,3,2,1,1
2013-04-13,2013,Mumbai Indians,Pune Warriors,Mumbai Indians,4,2,2,1
2013-04-14,2013,Rajasthan Royals,Kings XI Punjab,Rajasthan Royals,3,4,-1,1
2013-04-14,2013,Kolkata Knight Riders,Sunrisers Hyderabad,Kolkata Knight Riders,3,2,1,1
2013-04-15,2013,Chennai Super Kings,Pune Warriors,Pune Warriors,2,2,0,0
2013-04-16,2013,Kings XI Punjab,Kolkata Knight Riders,Kings XI Punjab,2,2,0,1
2013-04-17,2013,Rajasthan Royals,Mumbai Indians,Rajasthan Royals,3,4,-1,1
2013-04-17,2013,Pune Warriors,Sunrisers Hyderabad,Sunrisers Hyderabad,2,3,-1,0
2013-04-18,2013,Delhi Daredevils,Chennai Super Kings,Chennai Super Kings,6,3,3,0
2013-04-19,2013,Sunrisers Hyderabad,Kings XI Punjab,Sunrisers Hyderabad,2,3,-1,1
2013-04-20,2013,Royal Challengers Bangalore,Rajasthan Royals,Royal Challengers Bangalore,7,3,4,1
2013-04-20,2013,Kolkata Knight Riders,Chennai Super Kings,Chennai Super Kings,4,2,2,0
2013-04-21,2013,Kings XI Punjab,Pune Warriors,Kings XI Punjab,2,4,-2,1
2013-04-21,2013,Delhi Daredevils,Mumbai Indians,Delhi Daredevils,3,4,-1,1
2013-04-22,2013,Chennai Super Kings,Rajasthan Royals,Chennai Super Kings,2,2,0,1
2013-04-23,2013,Royal Challengers Bangalore,Pune Warriors,Royal Challengers Bangalore,3,2,1,1
2013-04-23,2013,Delhi Daredevils,Kings XI Punjab,Kings XI Punjab,2,2,0,0
2013-04-24,2013,Kolkata Knight Riders,Mumbai Indians,Mumbai Indians,4,3,1,0
2013-04-25,2013,Chennai Super Kings,Sunrisers Hyderabad,Chennai Super Kings,3,6,-3,1
2013-04-26,2013,Kolkata Knight Riders,Kings XI Punjab,Kolkata Knight Riders,2,3,-1,1
2013-04-27,2013,Mumbai Indians,Royal Challengers Bangalore,Mumbai Indians,3,4,-1,1
2013-04-27,2013,Rajasthan Royals,Sunrisers Hyderabad,Rajasthan Royals,5,2,3,1
2013-04-28,2013,Chennai Super Kings,Kolkata Knight Riders,Chennai Super Kings,3,2,1,1
2013-04-28,2013,Delhi Daredevils,Pune Warriors,Delhi Daredevils,5,5,0,1
2013-04-29,2013,Rajasthan Royals,Royal Challengers Bangalore,Rajasthan Royals,2,2,0,1
2013-04-29,2013,Mumbai Indians,Kings XI Punjab,Mumbai Indians,2,3,-1,1
2013-04-30,2013,Pune Warriors,Chennai Super Kings,Chennai Super Kings,2,2,0,0
2013-05-01,2013,Delhi Daredevils,Kolkata Knight Riders,Delhi Daredevils,3,3,0,1
2013-05-01,2013,Sunrisers Hyderabad,Mumbai Indians,Sunrisers Hyderabad,4,2,2,1
2013-05-02,2013,Chennai Super Kings,Kings XI Punjab,Chennai Super Kings,2,3,-1,1
2013-05-02,2013,Pune Warriors,Royal Challengers Bangalore,Royal Challengers Bangalore,2,3,-1,0
2013-05-03,2013,Kolkata Knight Riders,Rajasthan Royals,Kolkata Knight Riders,2,4,-2,1
2013-05-04,2013,Sunrisers Hyderabad,Delhi Daredevils,Sunrisers Hyderabad,3,3,0,1
2013-05-05,2013,Mumbai Indians,Chennai Super Kings,Mumbai Indians,4,3,1,1
2013-05-05,2013,Rajasthan Royals,Pune Warriors,Rajasthan Royals,2,3,-1,1
2013-05-06,2013,Kings XI Punjab,Royal Challengers Bangalore,Kings XI Punjab,4,4,0,1
2013-05-07,2013,Rajasthan Royals,Delhi Daredevils,Rajasthan Royals,2,3,-1,1
2013-05-07,2013,Mumbai Indians,Kolkata Knight Riders,Mumbai Indians,2,4,-2,1
2013-05-08,2013,Sunrisers Hyderabad,Chennai Super Kings,Chennai Super Kings,4,3,1,0
2013-05-09,2013,Kings XI Punjab,Rajasthan Royals,Rajasthan Royals,3,2,1,0
2013-05-09,2013,Pune Warriors,Kolkata Knight Riders,Kolkata Knight Riders,4,2,2,0
2013-05-10,2013,Delhi Daredevils,Royal Challengers Bangalore,Royal Challengers Bangalore,3,4,-1,0
2013-05-11,2013,Kings XI Punjab,Sunrisers Hyderabad,Sunrisers Hyderabad,2,3,-1,0
2013-05-11,2013,Pune Warriors,Mumbai Indians,Mumbai Indians,2,4,-2,0
2013-05-12,2013,Rajasthan Royals,Chennai Super Kings,Rajasthan Royals,3,4,-1,1
2013-05-12,2013,Kolkata Knight Riders,Royal Challengers Bangalore,Kolkata Knight Riders,3,2,1,1
2013-05-13,2013,Mumbai Indians,Sunrisers Hyderabad,Mumbai Indians,2,2,0,1
2013-05-14,2013,Royal Challengers Bangalore,Kings XI Punjab,Kings XI Punjab,2,3,-1,0
2013-05-14,2013,Chennai Super Kings,Delhi Daredevils,Chennai Super Kings,2,4,-2,1
2013-05-15,2013,Kolkata Knight Riders,Pune Warriors,Pune Warriors,3,4,-1,0
2013-05-15,2013,Mumbai Indians,Rajasthan Royals,Mumbai Indians,2,3,-1,1
2013-05-16,2013,Kings XI Punjab,Delhi Daredevils,Kings XI Punjab,2,2,0,1
2013-05-17,2013,Sunrisers Hyderabad,Rajasthan Royals,Sunrisers Hyderabad,4,2,2,1
2013-05-18,2013,Kings XI Punjab,Mumbai Indians,Kings XI Punjab,2,3,-1,1
2013-05-18,2013,Royal Challengers Bangalore,Chennai Super Kings,Royal Challengers Bangalore,4,4,0,1
2013-05-19,2013,Sunrisers Hyderabad,Kolkata Knight Riders,Sunrisers Hyderabad,2,4,-2,1
2013-05-19,2013,Pune Warriors,Delhi Daredevils,Pune Warriors,4,3,1,1
2013-05-21,2013,Chennai Super Kings,Mumbai Indians,Chennai Super Kings,3,3,0,1
2013-05-22,2013,Rajasthan Royals,Sunrisers Hyderabad,Rajasthan Royals,5,3,2,1
2013-05-24,2013,Mumbai Indians,Rajasthan Royals,Mumbai Indians,3,2,1,1
2013-05-26,2013,Chennai Super Kings,Mumbai Indians,Mumbai Indians,5,2,3,0
2014-04-19,2014,Royal Challengers Bangalore,Mumbai Indians,Royal Challengers Bangalore,2,3,-1,1
2014-04-19,2014,Kolkata Knight Riders,Delhi Daredevils,Delhi Daredevils,3,2,1,0
2014-04-20,2014,Rajasthan Royals,Kings XI Punjab,Kings XI Punjab,2,2,0,0
2014-04-21,2014,Chennai Super Kings,Delhi Daredevils,Chennai Super Kings,3,2,1,1
2014-04-22,2014,Kings XI Punjab,Sunrisers Hyderabad,Kings XI Punjab,2,4,-2,1
2014-04-23,2014,Rajasthan Royals,Chennai Super Kings,Chennai Super Kings,3,2,1,0
2014-04-24,2014,Royal Challengers Bangalore,Kolkata Knight Riders,Kolkata Knight Riders,5,5,0,0
2014-04-25,2014,Sunrisers Hyderabad,Delhi Daredevils,Sunrisers Hyderabad,3,4,-1,1
2014-04-25,2014,Chennai Super Kings,Mumbai Indians,Chennai Super Kings,2,6,-4,1
2014-04-26,2014,Rajasthan Royals,Royal Challengers Bangalore,Rajasthan Royals,3,2,1,1
2014-04-26,2014,Kolkata Knight Riders,Kings XI Punjab,Kings XI Punjab,2,4,-2,0
2014-04-27,2014,Sunrisers Hyderabad,Chennai Super Kings,Chennai Super Kings,2,2,0,0
2014-04-27,2014,Delhi Daredevils,Mumbai Indians,Delhi Daredevils,2,2,0,1
2014-04-28,2014,Kings XI Punjab,Royal Challengers Bangalore,Kings XI Punjab,2,2,0,1
2014-04-30,2014,Mumbai Indians,Sunrisers Hyderabad,Sunrisers Hyderabad,3,3,0,0
2014-05-02,2014,Chennai Super Kings,Kolkata Knight Riders,Chennai Super Kings,5,6,-1,1
2014-05-03,2014,Mumbai Indians,Kings XI Punjab,Mumbai Indians,3,5,-2,1
2014-05-03,2014,Delhi Daredevils,Rajasthan Royals,Rajasthan Royals,6,7,-1,0
2014-05-04,2014,Royal Challengers Bangalore,Sunrisers Hyderabad,Royal Challengers Bangalore,6,4,2,1
2014-05-05,2014,Rajasthan Royals,Kolkata Knight Riders,Rajasthan Royals,2,3,-1,1
2014-05-05,2014,Delhi Daredevils,Chennai Super Kings,Chennai Super Kings,2,3,-1,0
2014-05-06,2014,Mumbai Indians,Royal Challengers Bangalore,Mumbai Indians,3,2,1,1
2014-05-07,2014,Delhi Daredevils,Kolkata Knight Riders,Kolkata Knight Riders,2,2,0,0
2014-05-07,2014,Kings XI Punjab,Chennai Super Kings,Kings XI Punjab,4,2,2,1
2014-05-08,2014,Rajasthan Royals,Sunrisers Hyderabad,Sunrisers Hyderabad,3,4,-1,0
2014-05-09,2014,Royal Challengers Bangalore,Kings XI Punjab,Kings XI Punjab,3,2,1,0
2014-05-10,2014,Mumbai Indians,Chennai Super Kings,Chennai Super Kings,4,3,1,0
2014-05-10,2014,Delhi Daredevils,Sunrisers Hyderabad,Sunrisers Hyderabad,3,2,1,0
2014-05-11,2014,Royal Challengers Bangalore,Rajasthan Royals,Rajasthan Royals,2,3,-1,0
2014-05-11,2014,Kings XI Punjab,Kolkata Knight Riders,Kolkata Knight Riders,2,4,-2,0
2014-05-12,2014,Sunrisers Hyderabad,Mumbai Indians,Mumbai Indians,2,2,0,0
2014-05-13,2014,Royal Challengers Bangalore,Delhi Daredevils,Royal Challengers Bangalore,2,3,-1,1
2014-05-13,2014,Chennai Super Kings,Rajasthan Royals,Chennai Super Kings,3,2,1,1
2014-05-14,2014,Kolkata Knight Riders,Mumbai Indians,Kolkata Knight Riders,3,2,1,1
2014-05-14,2014,Sunrisers Hyderabad,Kings XI Punjab,Kings XI Punjab,2,3,-1,0
2014-05-15,2014,Rajasthan Royals,Delhi Daredevils,Rajasthan Royals,2,2,0,1
2014-05-18,2014,Chennai Super Kings,Royal Challengers Bangalore,Royal Challengers Bangalore,5,5,0,0
2014-05-18,2014,Sunrisers Hyderabad,Kolkata Knight Riders,Kolkata Knight Riders,4,4,0,0
2014-05-19,2014,Rajasthan Royals,Mumbai Indians,Mumbai Indians,4,5,-1,0
2014-05-19,2014,Delhi Daredevils,Kings XI Punjab,Kings XI Punjab,4,5,-1,0
2014-05-20,2014,Sunrisers Hyderabad,Royal Challengers Bangalore,Sunrisers Hyderabad,2,2,0,1
2014-05-20,2014,Kolkata Knight Riders,Chennai Super Kings,Kolkata Knight Riders,2,2,0,1
2014-05-21,2014,Kings XI Punjab,Mumbai Indians,Mumbai Indians,2,2,0,0
2014-05-22,2014,Chennai Super Kings,Sunrisers Hyderabad,Sunrisers Hyderabad,2,2,0,0
2014-05-22,2014,Kolkata Knight Riders,Royal Challengers Bangalore,Kolkata Knight Riders,2,2,0,1
2014-05-23,2014,Mumbai Indians,Delhi Daredevils,Mumbai Indians,2,4,-2,1
2014-05-23,2014,Kings XI Punjab,Rajasthan Royals,Kings XI Punjab,2,4,-2,1
2014-05-24,2014,Kolkata Knight Riders,Sunrisers Hyderabad,Kolkata Knight Riders,2,2,0,1
2014-05-24,2014,Royal Challengers Bangalore,Chennai Super Kings,Chennai Super Kings,2,2,0,0
2014-05-25,2014,Kings XI Punjab,Delhi Daredevils,Kings XI Punjab,2,2,0,1
2014-05-25,2014,Mumbai Indians,Rajasthan Royals,Mumbai Indians,2,2,0,1
2014-05-27,2014,Kings XI Punjab,Kolkata Knight Riders,Kolkata Knight Riders,2,3,-1,0
2014-05-28,2014,Chennai Super Kings,Mumbai Indians,Chennai Super Kings,4,3,1,1
2014-05-30,2014,Chennai Super Kings,Kings XI Punjab,Kings XI Punjab,2,3,-1,0
2014-06-01,2014,Kolkata Knight Riders,Kings XI Punjab,Kolkata Knight Riders,5,2,3,1
2015-04-12,2015,Delhi Daredevils,Rajasthan Royals,Rajasthan Royals,3,2,1,0
2015-04-12,2015,Mumbai Indians,Kings XI Punjab,Kings XI Punjab,4,2,2,0
2015-04-13,2015,Royal Challengers Bangalore,Sunrisers Hyderabad,Sunrisers Hyderabad,2,2,0,0
2015-04-14,2015,Rajasthan Royals,Mumbai Indians,Rajasthan Royals,2,2,0,1
2015-04-15,2015,Kings XI Punjab,Delhi Daredevils,Delhi Daredevils,3,3,0,0
2015-04-16,2015,Sunrisers Hyderabad,Rajasthan Royals,Rajasthan Royals,3,2,1,0
2015-04-17,2015,Mumbai Indians,Chennai Super Kings,Chennai Super Kings,3,6,-3,0
2015-04-18,2015,Kings XI Punjab,Kolkata Knight Riders,Kolkata Knight Riders,3,7,-4,0
2015-04-18,2015,Sunrisers Hyderabad,Delhi Daredevils,Delhi Daredevils,2,3,-1,0
2015-04-19,2015,Royal Challengers Bangalore,Mumbai Indians,Mumbai Indians,6,2,4,0
2015-04-19,2015,Rajasthan Royals,Chennai Super Kings,Rajasthan Royals,3,2,1,1
2015-04-20,2015,Delhi Daredevils,Kolkata Knight Riders,Kolkata Knight Riders,2,2,0,0
2015-04-22,2015,Sunrisers Hyderabad,Kolkata Knight Riders,Sunrisers Hyderabad,4,2,2,1
2015-04-22,2015,Royal Challengers Bangalore,Chennai Super Kings,Chennai Super Kings,3,3,0,0
2015-04-23,2015,Delhi Daredevils,Mumbai Indians,Delhi Daredevils,3,4,-1,1
2015-04-24,2015,Rajasthan Royals,Royal Challengers Bangalore,Royal Challengers Bangalore,5,2,3,0
2015-04-25,2015,Chennai Super Kings,Kings XI Punjab,Chennai Super Kings,3,7,-4,1
2015-04-25,2015,Mumbai Indians,Sunrisers Hyderabad,Mumbai Indians,2,3,-1,1
2015-04-26,2015,Delhi Daredevils,Royal Challengers Bangalore,Royal Challengers Bangalore,3,2,1,0
2015-04-27,2015,Kings XI Punjab,Sunrisers Hyderabad,Sunrisers Hyderabad,2,2,0,0
2015-04-28,2015,Chennai Super Kings,Kolkata Knight Riders,Chennai Super Kings,3,6,-3,1
2015-04-30,2015,Kolkata Knight Riders,Chennai Super Kings,Kolkata Knight Riders,2,2,0,1
2015-05-01,2015,Delhi Daredevils,Kings XI Punjab,Delhi Daredevils,5,4,1,1
2015-05-01,2015,Mumbai Indians,Rajasthan Royals,Mumbai Indians,6,7,-1,1
2015-05-02,2015,Royal Challengers Bangalore,Kolkata Knight Riders,Royal Challengers Bangalore,6,2,4,1
2015-05-02,2015,Sunrisers Hyderabad,Chennai Super Kings,Sunrisers Hyderabad,5,2,3,1
2015-05-03,2015,Rajasthan Royals,Delhi Daredevils,Rajasthan Royals,2,2,0,1
2015-05-03,2015,Kings XI Punjab,Mumbai Indians,Mumbai Indians,2,2,0,0
2015-05-04,2015,Chennai Super Kings,Royal Challengers Bangalore,Chennai Super Kings,2,2,0,1
2015-05-04,2015,Kolkata Knight Riders,Sunrisers Hyderabad,Kolkata Knight Riders,2,2,0,1
2015-05-05,2015,Mumbai Indians,Delhi Daredevils,Mumbai Indians,2,2,0,1
2015-05-06,2015,Royal Challengers Bangalore,Kings XI Punjab,Royal Challengers Bangalore,2,3,-1,1
2015-05-07,2015,Rajasthan Royals,Sunrisers Hyderabad,Sunrisers Hyderabad,4,3,1,0
2015-05-07,2015,Kolkata Knight Riders,Delhi Daredevils,Kolkata Knight Riders,3,2,1,1
2015-05-08,2015,Chennai Super Kings,Mumbai Indians,Mumbai Indians,4,3,1,0
2015-05-09,2015,Delhi Daredevils,Sunrisers Hyderabad,Sunrisers Hyderabad,2,2,0,0
2015-05-09,2015,Kolkata Knight Riders,Kings XI Punjab,Kolkata Knight Riders,2,3,-1,1
2015-05-10,2015,Chennai Super Kings,Rajasthan Royals,Chennai Super Kings,2,3,-1,1
2015-05-10,2015,Mumbai Indians,Royal Challengers Bangalore,Royal Challengers Bangalore,2,4,-2,0
2015-05-11,2015,Sunrisers Hyderabad,Kings XI Punjab,Sunrisers Hyderabad,2,2,0,1
2015-05-12,2015,Delhi Daredevils,Chennai Super Kings,Delhi Daredevils,3,2,1,1
2015-05-13,2015,Kings XI Punjab,Royal Challengers Bangalore,Kings XI Punjab,2,3,-1,1
2015-05-14,2015,Mumbai Indians,Kolkata Knight Riders,Mumbai Indians,4,5,-1,1
2015-05-15,2015,Sunrisers Hyderabad,Royal Challengers Bangalore,Royal Challengers Bangalore,4,2,2,0
2015-05-16,2015,Rajasthan Royals,Kolkata Knight Riders,Rajasthan Royals,6,2,4,1
2015-05-16,2015,Kings XI Punjab,Chennai Super Kings,Chennai Super Kings,3,4,-1,0
2015-05-17,2015,Sunrisers Hyderabad,Mumbai Indians,Mumbai Indians,2,3,-1,0
2015-05-19,2015,Chennai Super Kings,Mumbai Indians,Mumbai Indians,3,2,1,0
2015-05-20,2015,Royal Challengers Bangalore,Rajasthan Royals,Royal Challengers Bangalore,5,4,1,1
2015-05-22,2015,Chennai Super Kings,Royal Challengers Bangalore,Chennai Super Kings,3,2,1,1
2015-05-24,2015,Mumbai Indians,Chennai Super Kings,Mumbai Indians,5,2,3,1
2016-04-13,2016,Kolkata Knight Riders,Mumbai Indians,Mumbai Indians,3,4,-1,0
2016-04-14,2016,Gujarat Lions,Rising Pune Supergiants,Gujarat Lions,3,5,-2,1
2016-04-15,2016,Delhi Daredevils,Kings XI Punjab,Delhi Daredevils,5,4,1,1
2016-04-16,2016,Sunrisers Hyderabad,Kolkata Knight Riders,Kolkata Knight Riders,4,3,1,0
2016-04-16,2016,Mumbai Indians,Gujarat Lions,Gujarat Lions,3,2,1,0
2016-04-17,2016,Kings XI Punjab,Rising Pune Supergiants,Kings XI Punjab,2,3,-1,1
2016-04-17,2016,Royal Challengers Bangalore,Delhi Daredevils,Delhi Daredevils,5,2,3,0
2016-04-18,2016,Sunrisers Hyderabad,Mumbai Indians,Sunrisers Hyderabad,2,2,0,1
2016-04-19,2016,Kings XI Punjab,Kolkata Knight Riders,Kolkata Knight Riders,2,3,-1,0
2016-04-20,2016,Mumbai Indians,Royal Challengers Bangalore,Mumbai Indians,2,3,-1,1
2016-04-21,2016,Gujarat Lions,Sunrisers Hyderabad,Sunrisers Hyderabad,5,3,2,0
2016-04-22,2016,Rising Pune Supergiants,Royal Challengers Bangalore,Royal Challengers Bangalore,5,2,3,0
2016-04-23,2016,Sunrisers Hyderabad,Kings XI Punjab,Sunrisers Hyderabad,2,4,-2,1
2016-04-23,2016,Delhi Daredevils,Mumbai Indians,Delhi Daredevils,6,3,3,1
2016-04-24,2016,Gujarat Lions,Royal Challengers Bangalore,Gujarat Lions,3,2,1,1
2016-04-24,2016,Rising Pune Supergiants,Kolkata Knight Riders,Kolkata Knight Riders,2,5,-3,0
2016-04-25,2016,Kings XI Punjab,Mumbai Indians,Mumbai Indians,2,2,0,0
2016-04-26,2016,Sunrisers Hyderabad,Rising Pune Supergiants,Rising Pune Supergiants,3,2,1,0
2016-04-27,2016,Delhi Daredevils,Gujarat Lions,Gujarat Lions,4,3,1,0
2016-04-28,2016,Mumbai Indians,Kolkata Knight Riders,Mumbai Indians,3,4,-1,1
2016-04-29,2016,Rising Pune Supergiants,Gujarat Lions,Gujarat Lions,3,2,1,0
2016-04-30,2016,Delhi Daredevils,Kolkata Knight Riders,Delhi Daredevils,3,2,1,1
2016-04-30,2016,Sunrisers Hyderabad,Royal Challengers Bangalore,Sunrisers Hyderabad,4,6,-2,1
2016-05-01,2016,Rising Pune Supergiants,Mumbai Indians,Mumbai Indians,2,3,-1,0
2016-05-01,2016,Gujarat Lions,Kings XI Punjab,Kings XI Punjab,2,6,-4,0
2016-05-02,2016,Royal Challengers Bangalore,Kolkata Knight Riders,Kolkata Knight Riders,2,2,0,0
2016-05-03,2016,Gujarat Lions,Delhi Daredevils,Delhi Daredevils,2,3,-1,0
2016-05-04,2016,Kolkata Knight Riders,Kings XI Punjab,Kolkata Knight Riders,2,3,-1,1
2016-05-05,2016,Delhi Daredevils,Rising Pune Supergiants,Rising Pune Supergiants,2,4,-2,0
2016-05-06,2016,Sunrisers Hyderabad,Gujarat Lions,Sunrisers Hyderabad,6,3,3,1
2016-05-07,2016,Kings XI Punjab,Delhi Daredevils,Kings XI Punjab,3,2,1,1
2016-05-07,2016,Royal Challengers Bangalore,Rising Pune Supergiants,Royal Challengers Bangalore,5,2,3,1
2016-05-08,2016,Mumbai Indians,Sunrisers Hyderabad,Sunrisers Hyderabad,7,2,5,0
2016-05-08,2016,Kolkata Knight Riders,Gujarat Lions,Gujarat Lions,4,2,2,0
2016-05-09,2016,Kings XI Punjab,Royal Challengers Bangalore,Royal Challengers Bangalore,2,2,0,0
2016-05-10,2016,Rising Pune Supergiants,Sunrisers Hyderabad,Sunrisers Hyderabad,3,2,1,0
2016-05-11,2016,Royal Challengers Bangalore,Mumbai Indians,Mumbai Indians,2,3,-1,0
2016-05-12,2016,Sunrisers Hyderabad,Delhi Daredevils,Delhi Daredevils,2,5,-3,0
2016-05-13,2016,Mumbai Indians,Kings XI Punjab,Kings XI Punjab,2,4,-2,0
2016-05-14,2016,Royal Challengers Bangalore,Gujarat Lions,Royal Challengers Bangalore,3,6,-3,1
2016-05-14,2016,Kolkata Knight Riders,Rising Pune Supergiants,Kolkata Knight Riders,6,4,2,1
2016-05-15,2016,Mumbai Indians,Delhi Daredevils,Mumbai Indians,2,3,-1,1
2016-05-15,2016,Kings XI Punjab,Sunrisers Hyderabad,Sunrisers Hyderabad,2,3,-1,0
2016-05-16,2016,Kolkata Knight Riders,Royal Challengers Bangalore,Royal Challengers Bangalore,2,2,0,0
2016-05-17,2016,Rising Pune Supergiants,Delhi Daredevils,Rising Pune Supergiants,3,2,1,1
2016-05-18,2016,Royal Challengers Bangalore,Kings XI Punjab,Royal Challengers Bangalore,2,3,-1,1
2016-05-19,2016,Gujarat Lions,Kolkata Knight Riders,Gujarat Lions,5,3,2,1
2016-05-20,2016,Delhi Daredevils,Sunrisers Hyderabad,Delhi Daredevils,3,5,-2,1
2016-05-21,2016,Rising Pune Supergiants,Kings XI Punjab,Rising Pune Supergiants,4,3,1,1
2016-05-21,2016,Gujarat Lions,Mumbai Indians,Gujarat Lions,2,6,-4,1
2016-05-22,2016,Kolkata Knight Riders,Sunrisers Hyderabad,Kolkata Knight Riders,3,2,1,1
2016-05-22,2016,Delhi Daredevils,Royal Challengers Bangalore,Royal Challengers Bangalore,2,4,-2,0
2016-05-24,2016,Gujarat Lions,Royal Challengers Bangalore,Royal Challengers Bangalore,3,2,1,0
2016-05-25,2016,Sunrisers Hyderabad,Kolkata Knight Riders,Sunrisers Hyderabad,3,3,0,1
2016-05-27,2016,Gujarat Lions,Sunrisers Hyderabad,Sunrisers Hyderabad,3,2,1,0
2016-05-29,2016,Royal Challengers Bangalore,Sunrisers Hyderabad,Sunrisers Hyderabad,5,2,3,0
2017-04-09,2017,Sunrisers Hyderabad,Gujarat Lions,Sunrisers Hyderabad,4,2,2,1
2017-04-09,2017,Mumbai Indians,Kolkata Knight Riders,Mumbai Indians,3,2,1,1
2017-04-10,2017,Kings XI Punjab,Royal Challengers Bangalore,Kings XI Punjab,2,2,0,1
2017-04-11,2017,Rising Pune Supergiant,Delhi Daredevils,Delhi Daredevils,3,3,0,0
2017-04-12,2017,Mumbai Indians,Sunrisers Hyderabad,Mumbai Indians,3,3,0,1
2017-04-13,2017,Kolkata Knight Riders,Kings XI Punjab,Kolkata Knight Riders,4,3,1,1
2017-04-14,2017,Royal Challengers Bangalore,Mumbai Indians,Mumbai Indians,4,2,2,0
2017-04-14,2017,Gujarat Lions,Rising Pune Supergiant,Gujarat Lions,5,3,2,1
2017-04-15,2017,Kolkata Knight Riders,Sunrisers Hyderabad,Kolkata Knight Riders,2,3,-1,1
2017-04-15,2017,Delhi Daredevils,Kings XI Punjab,Delhi Daredevils,4,2,2,1
2017-04-16,2017,Mumbai Indians,Gujarat Lions,Mumbai Indians,2,2,0,1
2017-04-16,2017,Royal Challengers Bangalore,Rising Pune Supergiant,Rising Pune Supergiant,2,2,0,0
2017-04-17,2017,Sunrisers Hyderabad,Kings XI Punjab,Sunrisers Hyderabad,2,2,0,1
2017-04-17,2017,Delhi Daredevils,Kolkata Knight Riders,Kolkata Knight Riders,2,2,0,0
2017-04-18,2017,Gujarat Lions,Royal Challengers Bangalore,Royal Challengers Bangalore,2,2,0,0
2017-04-19,2017,Sunrisers Hyderabad,Delhi Daredevils,Sunrisers Hyderabad,2,2,0,1
2017-04-20,2017,Kings XI Punjab,Mumbai Indians,Mumbai Indians,3,4,-1,0
2017-04-21,2017,Kolkata Knight Riders,Gujarat Lions,Gujarat Lions,4,3,1,0
2017-04-22,2017,Mumbai Indians,Delhi Daredevils,Mumbai Indians,2,3,-1,1
2017-04-22,2017,Rising Pune Supergiant,Sunrisers Hyderabad,Rising Pune Supergiant,6,3,3,1
2017-04-23,2017,Kolkata Knight Riders,Royal Challengers Bangalore,Kolkata Knight Riders,2,5,-3,1
2017-04-23,2017,Gujarat Lions,Kings XI Punjab,Kings XI Punjab,2,3,-1,0
2017-04-24,2017,Mumbai Indians,Rising Pune Supergiant,Rising Pune Supergiant,2,2,0,0
2017-04-26,2017,Rising Pune Supergiant,Kolkata Knight Riders,Kolkata Knight Riders,2,3,-1,0
2017-04-27,2017,Royal Challengers Bangalore,Gujarat Lions,Gujarat Lions,4,4,0,0
2017-04-28,2017,Kings XI Punjab,Sunrisers Hyderabad,Sunrisers Hyderabad,5,6,-1,0
2017-04-28,2017,Kolkata Knight Riders,Delhi Daredevils,Kolkata Knight Riders,2,6,-4,1
2017-04-29,2017,Rising Pune Supergiant,Royal Challengers Bangalore,Rising Pune Supergiant,3,2,1,1
2017-04-30,2017,Sunrisers Hyderabad,Kolkata Knight Riders,Sunrisers Hyderabad,2,2,0,1
2017-04-30,2017,Kings XI Punjab,Delhi Daredevils,Kings XI Punjab,2,2,0,1
2017-05-01,2017,Rising Pune Supergiant,Gujarat Lions,Rising Pune Supergiant,2,4,-2,1
2017-05-01,2017,Mumbai Indians,Royal Challengers Bangalore,Mumbai Indians,7,2,5,1
2017-05-02,2017,Delhi Daredevils,Sunrisers Hyderabad,Delhi Daredevils,2,2,0,1
2017-05-03,2017,Kolkata Knight Riders,Rising Pune Supergiant,Rising Pune Supergiant,3,2,1,0
2017-05-04,2017,Delhi Daredevils,Gujarat Lions,Delhi Daredevils,2,3,-1,1
2017-05-05,2017,Royal Challengers Bangalore,Kings XI Punjab,Kings XI Punjab,4,5,-1,0
2017-05-06,2017,Delhi Daredevils,Mumbai Indians,Mumbai Indians,2,5,-3,0
2017-05-06,2017,Sunrisers Hyderabad,Rising Pune Supergiant,Rising Pune Supergiant,4,3,1,0
2017-05-07,2017,Royal Challengers Bangalore,Kolkata Knight Riders,Kolkata Knight Riders,2,4,-2,0
2017-05-07,2017,Kings XI Punjab,Gujarat Lions,Gujarat Lions,2,3,-1,0
2017-05-08,2017,Sunrisers Hyderabad,Mumbai Indians,Sunrisers Hyderabad,2,2,0,1
2017-05-09,2017,Kings XI Punjab,Kolkata Knight Riders,Kings XI Punjab,2,2,0,1
2017-05-10,2017,Gujarat Lions,Delhi Daredevils,Delhi Daredevils,3,4,-1,0
2017-05-11,2017,Mumbai Indians,Kings XI Punjab,Kings XI Punjab,3,2,1,0
2017-05-12,2017,Delhi Daredevils,Rising Pune Supergiant,Delhi Daredevils,2,6,-4,1
2017-05-13,2017,Kolkata Knight Riders,Mumbai Indians,Mumbai Indians,4,2,2,0
2017-05-13,2017,Gujarat Lions,Sunrisers Hyderabad,Sunrisers Hyderabad,3,5,-2,0
2017-05-14,2017,Rising Pune Supergiant,Kings XI Punjab,Rising Pune Supergiant,2,3,-1,1
2017-05-14,2017,Delhi Daredevils,Royal Challengers Bangalore,Royal Challengers Bangalore,2,7,-5,0
2017-05-16,2017,Mumbai Indians,Rising Pune Supergiant,Rising Pune Supergiant,3,2,1,0
2017-05-17,2017,Sunrisers Hyderabad,Kolkata Knight Riders,Kolkata Knight Riders,4,4,0,0
2017-05-19,2017,Mumbai Indians,Kolkata Knight Riders,Mumbai Indians,3,2,1,1
2017-05-21,2017,Mumbai Indians,Rising Pune Supergiant,Mumbai Indians,2,5,-3,1
2018-04-10,2018,Kolkata Knight Riders,Chennai Super Kings,Chennai Super Kings,2,3,-1,0
2018-04-11,2018,Rajasthan Royals,Delhi Daredevils,Rajasthan Royals,2,3,-1,1
2018-04-12,2018,Mumbai Indians,Sunrisers Hyderabad,Sunrisers Hyderabad,5,3,2,0
2018-04-13,2018,Kings XI Punjab,Royal Challengers Bangalore,Royal Challengers Bangalore,5,5,0,0
2018-04-14,2018,Kolkata Knight Riders,Sunrisers Hyderabad,Sunrisers Hyderabad,4,2,2,0
2018-04-14,2018,Mumbai Indians,Delhi Daredevils,Delhi Daredevils,2,3,-1,0
2018-04-15,2018,Kings XI Punjab,Chennai Super Kings,Kings XI Punjab,2,5,-3,1
2018-04-15,2018,Rajasthan Royals,Royal Challengers Bangalore,Rajasthan Royals,4,2,2,1
2018-04-16,2018,Kolkata Knight Riders,Delhi Daredevils,Kolkata Knight Riders,2,2,0,1
2018-04-17,2018,Mumbai Indians,Royal Challengers Bangalore,Mumbai Indians,3,2,1,1
2018-04-18,2018,Rajasthan Royals,Kolkata Knight Riders,Kolkata Knight Riders,3,2,1,0
2018-04-19,2018,Kings XI Punjab,Sunrisers Hyderabad,Kings XI Punjab,4,5,-1,1
2018-04-20,2018,Chennai Super Kings,Rajasthan Royals,Chennai Super Kings,5,2,3,1
2018-04-21,2018,Delhi Daredevils,Royal Challengers Bangalore,Royal Challengers Bangalore,5,4,1,0
2018-04-21,2018,Kolkata Knight Riders,Kings XI Punjab,Kings XI Punjab,3,2,1,0
2018-04-22,2018,Chennai Super Kings,Sunrisers Hyderabad,Chennai Super Kings,2,3,-1,1
2018-04-22,2018,Mumbai Indians,Rajasthan Royals,Rajasthan Royals,5,2,3,0
2018-04-23,2018,Kings XI Punjab,Delhi Daredevils,Kings XI Punjab,2,2,0,1
2018-04-24,2018,Sunrisers Hyderabad,Mumbai Indians,Sunrisers Hyderabad,2,2,0,1
2018-04-25,2018,Royal Challengers Bangalore,Chennai Super Kings,Chennai Super Kings,4,3,1,0
2018-04-26,2018,Sunrisers Hyderabad,Kings XI Punjab,Sunrisers Hyderabad,2,3,-1,1
2018-04-27,2018,Delhi Daredevils,Kolkata Knight Riders,Delhi Daredevils,4,6,-2,1
2018-04-28,2018,Chennai Super Kings,Mumbai Indians,Mumbai Indians,3,4,-1,0
2018-04-29,2018,Royal Challengers Bangalore,Kolkata Knight Riders,Kolkata Knight Riders,4,2,2,0
2018-04-29,2018,Sunrisers Hyderabad,Rajasthan Royals,Sunrisers Hyderabad,3,7,-4,1
2018-04-30,2018,Chennai Super Kings,Delhi Daredevils,Chennai Super Kings,2,3,-1,1
2018-05-01,2018,Royal Challengers Bangalore,Mumbai Indians,Royal Challengers Bangalore,2,3,-1,1
2018-05-02,2018,Delhi Daredevils,Rajasthan Royals,Delhi Daredevils,2,3,-1,1
2018-05-03,2018,Chennai Super Kings,Kolkata Knight Riders,Kolkata Knight Riders,3,4,-1,0
2018-05-04,2018,Kings XI Punjab,Mumbai Indians,Mumbai Indians,8,3,5,0
2018-05-05,2018,Delhi Daredevils,Sunrisers Hyderabad,Sunrisers Hyderabad,3,6,-3,0
2018-05-05,2018,Royal Challengers Bangalore,Chennai Super Kings,Chennai Super Kings,4,2,2,0
2018-05-06,2018,Rajasthan Royals,Kings XI Punjab,Kings XI Punjab,4,2,2,0
2018-05-06,2018,Mumbai Indians,Kolkata Knight Riders,Mumbai Indians,2,3,-1,1
2018-05-07,2018,Sunrisers Hyderabad,Royal Challengers Bangalore,Sunrisers Hyderabad,2,2,0,1
2018-05-08,2018,Rajasthan Royals,Kings XI Punjab,Rajasthan Royals,2,2,0,1
2018-05-09,2018,Mumbai Indians,Kolkata Knight Riders,Mumbai Indians,3,3,0,1
2018-05-10,2018,Delhi Daredevils,Sunrisers Hyderabad,Sunrisers Hyderabad,5,3,2,0
2018-05-11,2018,Chennai Super Kings,Rajasthan Royals,Rajasthan Royals,6,3,3,0
2018-05-12,2018,Kolkata Knight Riders,Kings XI Punjab,Kolkata Knight Riders,3,4,-1,1
2018-05-12,2018,Delhi Daredevils,Royal Challengers Bangalore,Royal Challengers Bangalore,2,5,-3,0
2018-05-13,2018,Mumbai Indians,Rajasthan Royals,Rajasthan Royals,4,2,2,0
2018-05-13,2018,Sunrisers Hyderabad,Chennai Super Kings,Chennai Super Kings,3,2,1,0
2018-05-14,2018,Kings XI Punjab,Royal Challengers Bangalore,Royal Challengers Bangalore,2,2,0,0
2018-05-15,2018,Rajasthan Royals,Kolkata Knight Riders,Kolkata Knight Riders,2,3,-1,0
2018-05-16,2018,Mumbai Indians,Kings XI Punjab,Mumbai Indians,3,2,1,1
2018-05-17,2018,Royal Challengers Bangalore,Sunrisers Hyderabad,Royal Challengers Bangalore,3,4,-1,1
2018-05-18,2018,Delhi Daredevils,Chennai Super Kings,Delhi Daredevils,6,5,1,1
2018-05-19,2018,Sunrisers Hyderabad,Kolkata Knight Riders,Kolkata Knight Riders,2,4,-2,0
2018-05-19,2018,Rajasthan Royals,Royal Challengers Bangalore,Rajasthan Royals,4,2,2,1
2018-05-20,2018,Kings XI Punjab,Chennai Super Kings,Chennai Super Kings,4,2,2,0
2018-05-20,2018,Delhi Daredevils,Mumbai Indians,Delhi Daredevils,2,4,-2,1
2018-05-22,2018,Sunrisers Hyderabad,Chennai Super Kings,Chennai Super Kings,3,2,1,0
2018-05-23,2018,Kolkata Knight Riders,Rajasthan Royals,Kolkata Knight Riders,4,4,0,1
2018-05-25,2018,Sunrisers Hyderabad,Kolkata Knight Riders,Sunrisers Hyderabad,3,2,1,1
2018-05-27,2018,Sunrisers Hyderabad,Chennai Super Kings,Chennai Super Kings,2,5,-3,0
2019-03-26,2019,Delhi Capitals,Chennai Super Kings,Chennai Super Kings,2,3,-1,0
2019-03-27,2019,Kolkata Knight Riders,Kings XI Punjab,Kolkata Knight Riders,3,2,1,1
2019-03-28,2019,Mumbai Indians,Royal Challengers Bangalore,Mumbai Indians,4,5,-1,1
2019-03-29,2019,Rajasthan Royals,Sunrisers Hyderabad,Sunrisers Hyderabad,4,5,-1,0
2019-03-30,2019,Mumbai Indians,Kings XI Punjab,Kings XI Punjab,2,3,-1,0
2019-03-31,2019,Sunrisers Hyderabad,Royal Challengers Bangalore,Sunrisers Hyderabad,2,3,-1,1
2019-03-31,2019,Chennai Super Kings,Rajasthan Royals,Chennai Super Kings,5,2,3,1
2019-04-01,2019,Kings XI Punjab,Delhi Capitals,Kings XI Punjab,2,6,-4,1
2019-04-02,2019,Royal Challengers Bangalore,Rajasthan Royals,Rajasthan Royals,2,2,0,0
2019-04-03,2019,Mumbai Indians,Chennai Super Kings,Mumbai Indians,4,3,1,1
2019-04-04,2019,Delhi Capitals,Sunrisers Hyderabad,Sunrisers Hyderabad,3,4,-1,0
2019-04-05,2019,Royal Challengers Bangalore,Kolkata Knight Riders,Kolkata Knight Riders,3,9,-6,0
2019-04-06,2019,Mumbai Indians,Sunrisers Hyderabad,Mumbai Indians,3,2,1,1
2019-04-06,2019,Chennai Super Kings,Kings XI Punjab,Chennai Super Kings,3,5,-2,1
2019-04-07,2019,Royal Challengers Bangalore,Delhi Capitals,Delhi Capitals,2,3,-1,0
2019-04-07,2019,Rajasthan Royals,Kolkata Knight Riders,Kolkata Knight Riders,5,2,3,0
2019-04-08,2019,Sunrisers Hyderabad,Kings XI Punjab,Kings XI Punjab,2,2,0,0
2019-04-09,2019,Kolkata Knight Riders,Chennai Super Kings,Chennai Super Kings,2,3,-1,0
2019-04-10,2019,Kings XI Punjab,Mumbai Indians,Mumbai Indians,2,4,-2,0
2019-04-11,2019,Rajasthan Royals,Chennai Super Kings,Chennai Super Kings,4,2,2,0
2019-04-12,2019,Kolkata Knight Riders,Delhi Capitals,Delhi Capitals,3,5,-2,0
2019-04-13,2019,Mumbai Indians,Rajasthan Royals,Rajasthan Royals,3,2,1,0
2019-04-13,2019,Kings XI Punjab,Royal Challengers Bangalore,Royal Challengers Bangalore,3,6,-3,0
2019-04-14,2019,Delhi Capitals,Sunrisers Hyderabad,Delhi Capitals,2,6,-4,1
2019-04-14,2019,Kolkata Knight Riders,Chennai Super Kings,Chennai Super Kings,2,3,-1,0
2019-04-15,2019,Royal Challengers Bangalore,Mumbai Indians,Mumbai Indians,2,2,0,0
2019-04-16,2019,Kings XI Punjab,Rajasthan Royals,Kings XI Punjab,3,3,0,1
2019-04-17,2019,Chennai Super Kings,Sunrisers Hyderabad,Sunrisers Hyderabad,3,3,0,0
2019-04-18,2019,Mumbai Indians,Delhi Capitals,Mumbai Indians,3,4,-1,1
2019-04-19,2019,Royal Challengers Bangalore,Kolkata Knight Riders,Royal Challengers Bangalore,4,5,-1,1
2019-04-20,2019,Kings XI Punjab,Delhi Capitals,Delhi Capitals,4,2,2,0
2019-04-20,2019,Mumbai Indians,Rajasthan Royals,Rajasthan Royals,2,4,-2,0
2019-04-21,2019,Royal Challengers Bangalore,Chennai Super Kings,Royal Challengers Bangalore,2,4,-2,1
2019-04-21,2019,Kolkata Knight Riders,Sunrisers Hyderabad,Sunrisers Hyderabad,2,4,-2,0
2019-04-22,2019,Rajasthan Royals,Delhi Capitals,Delhi Capitals,2,2,0,0
2019-04-23,2019,Sunrisers Hyderabad,Chennai Super Kings,Chennai Super Kings,2,2,0,0
2019-04-24,2019,Royal Challengers Bangalore,Kings XI Punjab,Royal Challengers Bangalore,3,4,-1,1
2019-04-25,2019,Kolkata Knight Riders,Rajasthan Royals,Rajasthan Royals,4,3,1,0
2019-04-26,2019,Mumbai Indians,Chennai Super Kings,Mumbai Indians,6,3,3,1
2019-04-27,2019,Sunrisers Hyderabad,Rajasthan Royals,Rajasthan Royals,4,2,2,0
2019-04-28,2019,Delhi Capitals,Royal Challengers Bangalore,Delhi Capitals,6,4,2,1
2019-04-28,2019,Kolkata Knight Riders,Mumbai Indians,Kolkata Knight Riders,3,2,1,1
2019-04-29,2019,Sunrisers Hyderabad,Kings XI Punjab,Sunrisers Hyderabad,2,5,-3,1
2019-05-01,2019,Chennai Super Kings,Delhi Capitals,Chennai Super Kings,5,3,2,1
2019-05-03,2019,Kings XI Punjab,Kolkata Knight Riders,Kolkata Knight Riders,4,5,-1,0
2019-05-04,2019,Rajasthan Royals,Delhi Capitals,Delhi Capitals,7,3,4,0
2019-05-04,2019,Sunrisers Hyderabad,Royal Challengers Bangalore,Royal Challengers Bangalore,5,6,-1,0
2019-05-05,2019,Kolkata Knight Riders,Mumbai Indians,Mumbai Indians,2,7,-5,0
2019-05-05,2019,Chennai Super Kings,Kings XI Punjab,Kings XI Punjab,4,2,2,0
2019-05-07,2019,Chennai Super Kings,Mumbai Indians,Mumbai Indians,2,2,0,0
2019-05-08,2019,Sunrisers Hyderabad,Delhi Capitals,Delhi Capitals,4,4,0,0
2019-05-10,2019,Delhi Capitals,Chennai Super Kings,Chennai Super Kings,2,3,-1,0
2019-05-12,2019,Mumbai Indians,Chennai Super Kings,Mumbai Indians,5,2,3,1
2020-09-26,2020,Sunrisers Hyderabad,Kolkata Knight Riders,Kolkata Knight Riders,5,3,2,0
2020-09-27,2020,Kings XI Punjab,Rajasthan Royals,Rajasthan Royals,3,5,-2,0
2020-09-29,2020,Sunrisers Hyderabad,Delhi Capitals,Sunrisers Hyderabad,3,4,-1,1
2020-09-30,2020,Kolkata Knight Riders,Rajasthan Royals,Kolkata Knight Riders,4,3,1,1
2020-10-01,2020,Mumbai Indians,Kings XI Punjab,Mumbai Indians,8,4,4,1
2020-10-02,2020,Sunrisers Hyderabad,Chennai Super Kings,Sunrisers Hyderabad,3,7,-4,1
2020-10-03,2020,Delhi Capitals,Kolkata Knight Riders,Delhi Capitals,4,3,1,1
2020-10-03,2020,Rajasthan Royals,Royal Challengers Bangalore,Royal Challengers Bangalore,3,9,-6,0
2020-10-04,2020,Mumbai Indians,Sunrisers Hyderabad,Mumbai Indians,3,2,1,1
2020-10-04,2020,Kings XI Punjab,Chennai Super Kings,Chennai Super Kings,3,2,1,0
2020-10-05,2020,Delhi Capitals,Royal Challengers Bangalore,Delhi Capitals,2,2,0,1
2020-10-06,2020,Mumbai Indians,Rajasthan Royals,Mumbai Indians,2,3,-1,1
2020-10-07,2020,Kolkata Knight Riders,Chennai Super Kings,Kolkata Knight Riders,4,3,1,1
2020-10-08,2020,Sunrisers Hyderabad,Kings XI Punjab,Sunrisers Hyderabad,4,4,0,1
2020-10-09,2020,Delhi Capitals,Rajasthan Royals,Delhi Capitals,4,3,1,1
2020-10-10,2020,Kolkata Knight Riders,Kings XI Punjab,Kolkata Knight Riders,3,2,1,1
2020-10-10,2020,Royal Challengers Bangalore,Chennai Super Kings,Royal Challengers Bangalore,5,3,2,1
2020-10-11,2020,Sunrisers Hyderabad,Rajasthan Royals,Rajasthan Royals,3,2,1,0
2020-10-11,2020,Delhi Capitals,Mumbai Indians,Mumbai Indians,2,5,-3,0
2020-10-12,2020,Royal Challengers Bangalore,Kolkata Knight Riders,Royal Challengers Bangalore,2,2,0,1
2020-10-13,2020,Chennai Super Kings,Sunrisers Hyderabad,Chennai Super Kings,3,2,1,1
2020-10-14,2020,Delhi Capitals,Rajasthan Royals,Delhi Capitals,3,3,0,1
2020-10-15,2020,Royal Challengers Bangalore,Kings XI Punjab,Kings XI Punjab,3,5,-2,0
2020-10-16,2020,Kolkata Knight Riders,Mumbai Indians,Mumbai Indians,4,5,-1,0
2020-10-17,2020,Chennai Super Kings,Delhi Capitals,Delhi Capitals,4,3,1,0
2020-10-17,2020,Rajasthan Royals,Royal Challengers Bangalore,Royal Challengers Bangalore,3,2,1,0
2020-10-19,2020,Chennai Super Kings,Rajasthan Royals,Rajasthan Royals,2,2,0,0
2020-10-20,2020,Delhi Capitals,Kings XI Punjab,Kings XI Punjab,3,5,-2,0
2020-10-21,2020,Kolkata Knight Riders,Royal Challengers Bangalore,Royal Challengers Bangalore,5,4,1,0
2020-10-22,2020,Rajasthan Royals,Sunrisers Hyderabad,Sunrisers Hyderabad,3,9,-6,0
2020-10-23,2020,Chennai Super Kings,Mumbai Indians,Mumbai Indians,4,7,-3,0
2020-10-24,2020,Kings XI Punjab,Sunrisers Hyderabad,Kings XI Punjab,4,2,2,1
2020-10-24,2020,Kolkata Knight Riders,Delhi Capitals,Kolkata Knight Riders,3,4,-1,1
2020-10-25,2020,Mumbai Indians,Rajasthan Royals,Rajasthan Royals,2,3,-1,0
2020-10-25,2020,Royal Challengers Bangalore,Chennai Super Kings,Chennai Super Kings,4,2,2,0
2020-10-26,2020,Kolkata Knight Riders,Kings XI Punjab,Kings XI Punjab,2,2,0,0
2020-10-27,2020,Sunrisers Hyderabad,Delhi Capitals,Sunrisers Hyderabad,3,3,0,1
2020-10-28,2020,Royal Challengers Bangalore,Mumbai Indians,Mumbai Indians,3,3,0,0
2020-10-29,2020,Kolkata Knight Riders,Chennai Super Kings,Chennai Super Kings,3,4,-1,0
2020-10-30,2020,Kings XI Punjab,Rajasthan Royals,Rajasthan Royals,4,5,-1,0
2020-10-31,2020,Royal Challengers Bangalore,Sunrisers Hyderabad,Sunrisers Hyderabad,3,4,-1,0
2020-10-31,2020,Delhi Capitals,Mumbai Indians,Mumbai Indians,4,3,1,0
2020-11-01,2020,Kings XI Punjab,Chennai Super Kings,Chennai Super Kings,2,3,-1,0
2020-11-01,2020,Kolkata Knight Riders,Rajasthan Royals,Kolkata Knight Riders,3,2,1,1
2020-11-02,2020,Royal Challengers Bangalore,Delhi Capitals,Delhi Capitals,2,2,0,0
2020-11-03,2020,Mumbai Indians,Sunrisers Hyderabad,Sunrisers Hyderabad,3,3,0,0
2020-11-05,2020,Mumbai Indians,Delhi Capitals,Mumbai Indians,2,3,-1,1
2020-11-06,2020,Royal Challengers Bangalore,Sunrisers Hyderabad,Sunrisers Hyderabad,4,3,1,0
2020-11-08,2020,Delhi Capitals,Sunrisers Hyderabad,Delhi Capitals,3,2,1,1
2020-11-10,2020,Delhi Capitals,Mumbai Indians,Mumbai Indians,2,5,-3,0
2021-04-13,2021,Mumbai Indians,Kolkata Knight Riders,Mumbai Indians,4,2,2,1
2021-04-14,2021,Royal Challengers Bangalore,Sunrisers Hyderabad,Royal Challengers Bangalore,5,3,2,1
2021-04-15,2021,Delhi Capitals,Rajasthan Royals,Rajasthan Royals,5,3,2,0
2021-04-16,2021,Punjab Kings,Chennai Super Kings,Chennai Super Kings,4,6,-2,0
2021-04-17,2021,Mumbai Indians,Sunrisers Hyderabad,Mumbai Indians,4,3,1,1
2021-04-18,2021,Punjab Kings,Delhi Capitals,Delhi Capitals,2,3,-1,0
2021-04-18,2021,Royal Challengers Bangalore,Kolkata Knight Riders,Royal Challengers Bangalore,4,5,-1,1
2021-04-19,2021,Chennai Super Kings,Rajasthan Royals,Chennai Super Kings,3,4,-1,1
2021-04-20,2021,Mumbai Indians,Delhi Capitals,Delhi Capitals,3,2,1,0
2021-04-21,2021,Punjab Kings,Sunrisers Hyderabad,Sunrisers Hyderabad,3,4,-1,0
2021-04-21,2021,Chennai Super Kings,Kolkata Knight Riders,Chennai Super Kings,2,3,-1,1
2021-04-22,2021,Rajasthan Royals,Royal Challengers Bangalore,Royal Challengers Bangalore,3,4,-1,0
2021-04-23,2021,Mumbai Indians,Punjab Kings,Punjab Kings,3,2,1,0
2021-04-24,2021,Kolkata Knight Riders,Rajasthan Royals,Rajasthan Royals,3,2,1,0
2021-04-25,2021,Chennai Super Kings,Royal Challengers Bangalore,Chennai Super Kings,4,3,1,1
2021-04-26,2021,Punjab Kings,Kolkata Knight Riders,Kolkata Knight Riders,3,2,1,0
2021-04-27,2021,Royal Challengers Bangalore,Delhi Capitals,Royal Challengers Bangalore,2,7,-5,1
2021-04-28,2021,Sunrisers Hyderabad,Chennai Super Kings,Chennai Super Kings,7,3,4,0
2021-04-29,2021,Rajasthan Royals,Mumbai Indians,Mumbai Indians,5,6,-1,0
2021-04-29,2021,Kolkata Knight Riders,Delhi Capitals,Delhi Capitals,3,2,1,0
2021-04-30,2021,Punjab Kings,Royal Challengers Bangalore,Punjab Kings,4,3,1,1
2021-05-01,2021,Chennai Super Kings,Mumbai Indians,Mumbai Indians,3,2,1,0
2021-05-02,2021,Punjab Kings,Delhi Capitals,Delhi Capitals,2,3,-1,0
2021-05-02,2021,Rajasthan Royals,Sunrisers Hyderabad,Rajasthan Royals,3,4,-1,1
2021-09-19,2021,Chennai Super Kings,Mumbai Indians,Chennai Super Kings,141,141,0,1
2021-09-20,2021,Royal Challengers Bangalore,Kolkata Knight Riders,Kolkata Knight Riders,143,144,-1,0
2021-09-21,2021,Rajasthan Royals,Punjab Kings,Rajasthan Royals,142,142,0,1
2021-09-22,2021,Sunrisers Hyderabad,Delhi Capitals,Delhi Capitals,143,143,0,0
2021-09-23,2021,Mumbai Indians,Kolkata Knight Riders,Kolkata Knight Riders,4,3,1,0
2021-09-24,2021,Royal Challengers Bangalore,Chennai Super Kings,Chennai Super Kings,4,5,-1,0
2021-09-25,2021,Punjab Kings,Sunrisers Hyderabad,Punjab Kings,4,3,1,1
2021-09-25,2021,Delhi Capitals,Rajasthan Royals,Delhi Capitals,3,4,-1,1
2021-09-26,2021,Royal Challengers Bangalore,Mumbai Indians,Royal Challengers Bangalore,2,3,-1,1
2021-09-26,2021,Kolkata Knight Riders,Chennai Super Kings,Chennai Super Kings,3,2,1,0
2021-09-27,2021,Rajasthan Royals,Sunrisers Hyderabad,Sunrisers Hyderabad,2,2,0,0
2021-09-28,2021,Punjab Kings,Mumbai Indians,Mumbai Indians,3,2,1,0
2021-09-28,2021,Delhi Capitals,Kolkata Knight Riders,Kolkata Knight Riders,3,2,1,0
2021-09-29,2021,Rajasthan Royals,Royal Challengers Bangalore,Royal Challengers Bangalore,2,3,-1,0
2021-09-30,2021,Sunrisers Hyderabad,Chennai Super Kings,Chennai Super Kings,3,4,-1,0
2021-10-01,2021,Kolkata Knight Riders,Punjab Kings,Punjab Kings,3,3,0,0
2021-10-02,2021,Chennai Super Kings,Rajasthan Royals,Rajasthan Royals,2,3,-1,0
2021-10-02,2021,Mumbai Indians,Delhi Capitals,Delhi Capitals,4,4,0,0
2021-10-03,2021,Sunrisers Hyderabad,Kolkata Knight Riders,Kolkata Knight Riders,3,2,1,0
2021-10-03,2021,Royal Challengers Bangalore,Punjab Kings,Royal Challengers Bangalore,4,2,2,1
2021-10-04,2021,Chennai Super Kings,Delhi Capitals,Delhi Capitals,2,2,0,0
2021-10-05,2021,Rajasthan Royals,Mumbai Indians,Mumbai Indians,3,3,0,0
2021-10-06,2021,Sunrisers Hyderabad,Royal Challengers Bangalore,Sunrisers Hyderabad,3,3,0,1
2021-10-07,2021,Kolkata Knight Riders,Rajasthan Royals,Kolkata Knight Riders,4,2,2,1
2021-10-07,2021,Chennai Super Kings,Punjab Kings,Punjab Kings,3,4,-1,0
2021-10-08,2021,Mumbai Indians,Sunrisers Hyderabad,Mumbai Indians,3,2,1,1
2021-10-08,2021,Delhi Capitals,Royal Challengers Bangalore,Royal Challengers Bangalore,4,2,2,0
2021-10-10,2021,Delhi Capitals,Chennai Super Kings,Chennai Super Kings,2,3,-1,0
2021-10-11,2021,Royal Challengers Bangalore,Kolkata Knight Riders,Kolkata Knight Riders,3,4,-1,0
2021-10-13,2021,Delhi Capitals,Kolkata Knight Riders,Kolkata Knight Riders,3,2,1,0
2021-10-15,2021,Chennai Super Kings,Kolkata Knight Riders,Chennai Super Kings,5,2,3,1
2022-03-30,2022,Kolkata Knight Riders,Royal Challengers Bangalore,Royal Challengers Bangalore,4,3,1,0
2022-03-31,2022,Chennai Super Kings,Lucknow Super Giants,Lucknow Super Giants,5,3,2,0
2022-04-01,2022,Punjab Kings,Kolkata Knight Riders,Kolkata Knight Riders,5,2,3,0
2022-04-02,2022,Gujarat Titans,Delhi Capitals,Gujarat Titans,5,6,-1,1
2022-04-02,2022,Rajasthan Royals,Mumbai Indians,Rajasthan Royals,4,6,-2,1
2022-04-03,2022,Punjab Kings,Chennai Super Kings,Punjab Kings,2,3,-1,1
2022-04-04,2022,Lucknow Super Giants,Sunrisers Hyderabad,Lucknow Super Giants,4,6,-2,1
2022-04-05,2022,Rajasthan Royals,Royal Challengers Bangalore,Royal Challengers Bangalore,3,6,-3,0
2022-04-06,2022,Mumbai Indians,Kolkata Knight Riders,Kolkata Knight Riders,4,5,-1,0
2022-04-07,2022,Delhi Capitals,Lucknow Super Giants,Lucknow Super Giants,5,3,2,0
2022-04-08,2022,Punjab Kings,Gujarat Titans,Gujarat Titans,5,6,-1,0
2022-04-09,2022,Mumbai Indians,Royal Challengers Bangalore,Royal Challengers Bangalore,3,4,-1,0
2022-04-09,2022,Chennai Super Kings,Sunrisers Hyderabad,Sunrisers Hyderabad,6,5,1,0
2022-04-10,2022,Delhi Capitals,Kolkata Knight Riders,Delhi Capitals,3,4,-1,1
2022-04-10,2022,Rajasthan Royals,Lucknow Super Giants,Rajasthan Royals,5,3,2,1
2022-04-11,2022,Gujarat Titans,Sunrisers Hyderabad,Sunrisers Hyderabad,3,2,1,0
2022-04-12,2022,Chennai Super Kings,Royal Challengers Bangalore,Chennai Super Kings,3,3,0,1
2022-04-13,2022,Punjab Kings,Mumbai Indians,Punjab Kings,5,4,1,1
2022-04-14,2022,Gujarat Titans,Rajasthan Royals,Gujarat Titans,3,4,-1,1
2022-04-15,2022,Kolkata Knight Riders,Sunrisers Hyderabad,Sunrisers Hyderabad,5,4,1,0
2022-04-16,2022,Royal Challengers Bangalore,Delhi Capitals,Royal Challengers Bangalore,4,6,-2,1
2022-04-16,2022,Lucknow Super Giants,Mumbai Indians,Lucknow Super Giants,6,3,3,1
2022-04-17,2022,Chennai Super Kings,Gujarat Titans,Gujarat Titans,5,3,2,0
2022-04-17,2022,Punjab Kings,Sunrisers Hyderabad,Sunrisers Hyderabad,4,2,2,0
2022-04-18,2022,Rajasthan Royals,Kolkata Knight Riders,Rajasthan Royals,4,3,1,1
2022-04-19,2022,Royal Challengers Bangalore,Lucknow Super Giants,Royal Challengers Bangalore,3,3,0,1
2022-04-20,2022,Punjab Kings,Delhi Capitals,Delhi Capitals,3,4,-1,0
2022-04-21,2022,Mumbai Indians,Chennai Super Kings,Chennai Super Kings,5,4,1,0
2022-04-22,2022,Rajasthan Royals,Delhi Capitals,Rajasthan Royals,4,2,2,1
2022-04-23,2022,Gujarat Titans,Kolkata Knight Riders,Gujarat Titans,6,5,1,1
2022-04-23,2022,Royal Challengers Bangalore,Sunrisers Hyderabad,Sunrisers Hyderabad,4,6,-2,0
2022-04-24,2022,Lucknow Super Giants,Mumbai Indians,Lucknow Super Giants,5,3,2,1
2022-04-25,2022,Punjab Kings,Chennai Super Kings,Punjab Kings,5,4,1,1
2022-04-26,2022,Rajasthan Royals,Royal Challengers Bangalore,Rajasthan Royals,4,3,1,1
2022-04-27,2022,Sunrisers Hyderabad,Gujarat Titans,Gujarat Titans,4,4,0,0
2022-04-28,2022,Kolkata Knight Riders,Delhi Capitals,Delhi Capitals,5,6,-1,0
2022-04-29,2022,Lucknow Super Giants,Punjab Kings,Lucknow Super Giants,5,4,1,1
2022-04-30,2022,Rajasthan Royals,Mumbai Indians,Mumbai Indians,4,6,-2,0
2022-04-30,2022,Royal Challengers Bangalore,Gujarat Titans,Gujarat Titans,4,3,1,0
2022-05-01,2022,Chennai Super Kings,Sunrisers Hyderabad,Chennai Super Kings,6,4,2,1
2022-05-01,2022,Lucknow Super Giants,Delhi Capitals,Lucknow Super Giants,2,3,-1,1
2022-05-02,2022,Rajasthan Royals,Kolkata Knight Riders,Kolkata Knight Riders,2,4,-2,0
2022-05-03,2022,Gujarat Titans,Punjab Kings,Punjab Kings,3,4,-1,0
2022-05-04,2022,Royal Challengers Bangalore,Chennai Super Kings,Royal Challengers Bangalore,4,3,1,1
2022-05-05,2022,Delhi Capitals,Sunrisers Hyderabad,Delhi Capitals,4,4,0,1
2022-05-06,2022,Mumbai Indians,Gujarat Titans,Mumbai Indians,6,3,3,1
2022-05-07,2022,Punjab Kings,Rajasthan Royals,Rajasthan Royals,4,5,-1,0
2022-05-07,2022,Lucknow Super Giants,Kolkata Knight Riders,Lucknow Super Giants,6,5,1,1
2022-05-08,2022,Royal Challengers Bangalore,Sunrisers Hyderabad,Royal Challengers Bangalore,4,3,1,1
2022-05-08,2022,Chennai Super Kings,Delhi Capitals,Chennai Super Kings,4,3,1,1
2022-05-09,2022,Kolkata Knight Riders,Mumbai Indians,Kolkata Knight Riders,2,3,-1,1
2022-05-10,2022,Gujarat Titans,Lucknow Super Giants,Gujarat Titans,4,3,1,1
2022-05-11,2022,Rajasthan Royals,Delhi Capitals,Delhi Capitals,4,3,1,0
2022-05-12,2022,Chennai Super Kings,Mumbai Indians,Mumbai Indians,4,3,1,0
2022-05-13,2022,Punjab Kings,Royal Challengers Bangalore,Punjab Kings,6,5,1,1
2022-05-14,2022,Kolkata Knight Riders,Sunrisers Hyderabad,Kolkata Knight Riders,5,6,-1,1
2022-05-15,2022,Rajasthan Royals,Lucknow Super Giants,Rajasthan Royals,4,5,-1,1
2022-05-15,2022,Chennai Super Kings,Gujarat Titans,Gujarat Titans,3,5,-2,0
2022-05-16,2022,Delhi Capitals,Punjab Kings,Delhi Capitals,5,3,2,1
2022-05-17,2022,Sunrisers Hyderabad,Mumbai Indians,Sunrisers Hyderabad,3,5,-2,1
2022-05-18,2022,Lucknow Super Giants,Kolkata Knight Riders,Lucknow Super Giants,3,4,-1,1
2022-05-19,2022,Gujarat Titans,Royal Challengers Bangalore,Royal Challengers Bangalore,4,6,-2,0
2022-05-20,2022,Chennai Super Kings,Rajasthan Royals,Rajasthan Royals,5,5,0,0
2022-05-21,2022,Delhi Capitals,Mumbai Indians,Mumbai Indians,5,4,1,0
2022-05-22,2022,Sunrisers Hyderabad,Punjab Kings,Punjab Kings,5,6,-1,0
2022-05-24,2022,Rajasthan Royals,Gujarat Titans,Gujarat Titans,4,5,-1,0
2022-05-25,2022,Royal Challengers Bangalore,Lucknow Super Giants,Royal Challengers Bangalore,6,7,-1,1
2022-05-27,2022,Royal Challengers Bangalore,Rajasthan Royals,Rajasthan Royals,2,3,-1,0
2022-05-29,2022,Rajasthan Royals,Gujarat Titans,Gujarat Titans,2,5,-3,0
2023-04-03,2023,Chennai Super Kings,Lucknow Super Giants,Chennai Super Kings,3,2,1,1
2023-04-04,2023,Delhi Capitals,Gujarat Titans,Gujarat Titans,3,4,-1,0
2023-04-05,2023,Punjab Kings,Rajasthan Royals,Punjab Kings,4,3,1,1
2023-04-06,2023,Kolkata Knight Riders,Royal Challengers Bangalore,Kolkata Knight Riders,5,4,1,1
2023-04-07,2023,Sunrisers Hyderabad,Lucknow Super Giants,Lucknow Super Giants,5,4,1,0
2023-04-08,2023,Rajasthan Royals,Delhi Capitals,Rajasthan Royals,3,4,-1,1
2023-04-08,2023,Mumbai Indians,Chennai Super Kings,Chennai Super Kings,6,5,1,0
2023-04-09,2023,Punjab Kings,Sunrisers Hyderabad,Sunrisers Hyderabad,4,2,2,0
2023-04-09,2023,Gujarat Titans,Kolkata Knight Riders,Kolkata Knight Riders,5,3,2,0
2023-04-10,2023,Royal Challengers Bangalore,Lucknow Super Giants,Lucknow Super Giants,4,3,1,0
2023-04-11,2023,Delhi Capitals,Mumbai Indians,Mumbai Indians,3,3,0,0
2023-04-12,2023,Rajasthan Royals,Chennai Super Kings,Rajasthan Royals,4,4,0,1
2023-04-13,2023,Punjab Kings,Gujarat Titans,Gujarat Titans,4,4,0,0
2023-04-14,2023,Sunrisers Hyderabad,Kolkata Knight Riders,Sunrisers Hyderabad,5,5,0,1
2023-04-15,2023,Lucknow Super Giants,Punjab Kings,Punjab Kings,5,2,3,0
2023-04-15,2023,Royal Challengers Bangalore,Delhi Capitals,Royal Challengers Bangalore,5,4,1,1
2023-04-16,2023,Gujarat Titans,Rajasthan Royals,Rajasthan Royals,3,4,-1,0
2023-04-16,2023,Kolkata Knight Riders,Mumbai Indians,Mumbai Indians,2,5,-3,0
2023-04-17,2023,Chennai Super Kings,Royal Challengers Bangalore,Chennai Super Kings,5,2,3,1
2023-04-18,2023,Mumbai Indians,Sunrisers Hyderabad,Mumbai Indians,2,4,-2,1
2023-04-19,2023,Lucknow Super Giants,Rajasthan Royals,Lucknow Super Giants,4,3,1,1
2023-04-20,2023,Kolkata Knight Riders,Delhi Capitals,Delhi Capitals,4,5,-1,0
2023-04-20,2023,Royal Challengers Bangalore,Punjab Kings,Royal Challengers Bangalore,3,5,-2,1
2023-04-21,2023,Sunrisers Hyderabad,Chennai Super Kings,Chennai Super Kings,3,4,-1,0
2023-04-22,2023,Punjab Kings,Mumbai Indians,Punjab Kings,2,4,-2,1
2023-04-22,2023,Gujarat Titans,Lucknow Super Giants,Gujarat Titans,6,3,3,1
2023-04-23,2023,Chennai Super Kings,Kolkata Knight Riders,Chennai Super Kings,2,3,-1,1
2023-04-23,2023,Royal Challengers Bangalore,Rajasthan Royals,Royal Challengers Bangalore,3,4,-1,1
2023-04-24,2023,Delhi Capitals,Sunrisers Hyderabad,Delhi Capitals,4,3,1,1
2023-04-25,2023,Gujarat Titans,Mumbai Indians,Gujarat Titans,3,3,0,1
2023-04-26,2023,Kolkata Knight Riders,Royal Challengers Bangalore,Kolkata Knight Riders,3,3,0,1
2023-04-27,2023,Rajasthan Royals,Chennai Super Kings,Rajasthan Royals,4,4,0,1
2023-04-28,2023,Lucknow Super Giants,Punjab Kings,Lucknow Super Giants,6,6,0,1
2023-04-29,2023,Sunrisers Hyderabad,Delhi Capitals,Sunrisers Hyderabad,5,5,0,1
2023-04-29,2023,Kolkata Knight Riders,Gujarat Titans,Gujarat Titans,3,4,-1,0
2023-04-30,2023,Rajasthan Royals,Mumbai Indians,Mumbai Indians,3,5,-2,0
2023-04-30,2023,Chennai Super Kings,Punjab Kings,Punjab Kings,3,2,1,0
2023-05-01,2023,Royal Challengers Bangalore,Lucknow Super Giants,Royal Challengers Bangalore,5,3,2,1
2023-05-02,2023,Delhi Capitals,Gujarat Titans,Delhi Capitals,3,3,0,1
2023-05-03,2023,Punjab Kings,Mumbai Indians,Mumbai Indians,3,3,0,0
2023-05-04,2023,Kolkata Knight Riders,Sunrisers Hyderabad,Kolkata Knight Riders,5,5,0,1
2023-05-05,2023,Rajasthan Royals,Gujarat Titans,Gujarat Titans,5,3,2,0
2023-05-06,2023,Mumbai Indians,Chennai Super Kings,Chennai Super Kings,3,6,-3,0
2023-05-06,2023,Royal Challengers Bangalore,Delhi Capitals,Delhi Capitals,5,4,1,0
2023-05-07,2023,Rajasthan Royals,Sunrisers Hyderabad,Sunrisers Hyderabad,2,3,-1,0
2023-05-07,2023,Gujarat Titans,Lucknow Super Giants,Gujarat Titans,2,6,-4,1
2023-05-08,2023,Punjab Kings,Kolkata Knight Riders,Kolkata Knight Riders,5,4,1,0
2023-05-09,2023,Royal Challengers Bangalore,Mumbai Indians,Mumbai Indians,3,3,0,0
2023-05-10,2023,Chennai Super Kings,Delhi Capitals,Chennai Super Kings,4,4,0,1
2023-05-11,2023,Kolkata Knight Riders,Rajasthan Royals,Rajasthan Royals,3,4,-1,0
2023-05-12,2023,Mumbai Indians,Gujarat Titans,Mumbai Indians,3,5,-2,1
2023-05-13,2023,Punjab Kings,Delhi Capitals,Punjab Kings,5,3,2,1
2023-05-13,2023,Sunrisers Hyderabad,Lucknow Super Giants,Lucknow Super Giants,6,6,0,0
2023-05-14,2023,Royal Challengers Bangalore,Rajasthan Royals,Royal Challengers Bangalore,5,3,2,1
2023-05-14,2023,Chennai Super Kings,Kolkata Knight Riders,Kolkata Knight Riders,4,3,1,0
2023-05-15,2023,Gujarat Titans,Sunrisers Hyderabad,Gujarat Titans,3,2,1,1
2023-05-16,2023,Lucknow Super Giants,Mumbai Indians,Lucknow Super Giants,3,4,-1,1
2023-05-17,2023,Delhi Capitals,Punjab Kings,Delhi Capitals,4,4,0,1
2023-05-18,2023,Sunrisers Hyderabad,Royal Challengers Bangalore,Royal Challengers Bangalore,3,4,-1,0
2023-05-19,2023,Punjab Kings,Rajasthan Royals,Rajasthan Royals,2,5,-3,0
2023-05-20,2023,Lucknow Super Giants,Kolkata Knight Riders,Lucknow Super Giants,4,6,-2,1
2023-05-20,2023,Chennai Super Kings,Delhi Capitals,Chennai Super Kings,6,3,3,1
2023-05-21,2023,Royal Challengers Bangalore,Gujarat Titans,Gujarat Titans,3,6,-3,0
2023-05-21,2023,Sunrisers Hyderabad,Mumbai Indians,Mumbai Indians,3,5,-2,0
2023-05-23,2023,Chennai Super Kings,Gujarat Titans,Chennai Super Kings,3,2,1,1
2023-05-24,2023,Mumbai Indians,Lucknow Super Giants,Mumbai Indians,3,4,-1,1
2023-05-26,2023,Gujarat Titans,Mumbai Indians,Gujarat Titans,3,2,1,1
2023-05-29,2023,Gujarat Titans,Chennai Super Kings,Chennai Super Kings,3,6,-3,0
2024-03-25,2024,Punjab Kings,Royal Challengers Bengaluru,Royal Challengers Bengaluru,2,3,-1,0
2024-03-26,2024,Chennai Super Kings,Gujarat Titans,Chennai Super Kings,4,2,2,1
2024-03-27,2024,Sunrisers Hyderabad,Mumbai Indians,Sunrisers Hyderabad,4,3,1,1
2024-03-28,2024,Rajasthan Royals,Delhi Capitals,Rajasthan Royals,4,5,-1,1
2024-03-29,2024,Royal Challengers Bengaluru,Kolkata Knight Riders,Kolkata Knight Riders,4,6,-2,0
2024-03-30,2024,Lucknow Super Giants,Punjab Kings,Lucknow Super Giants,6,5,1,1
2024-03-31,2024,Delhi Capitals,Chennai Super Kings,Delhi Capitals,3,5,-2,1
2024-03-31,2024,Sunrisers Hyderabad,Gujarat Titans,Gujarat Titans,4,5,-1,0
2024-04-01,2024,Mumbai Indians,Rajasthan Royals,Rajasthan Royals,5,4,1,0
2024-04-02,2024,Lucknow Super Giants,Royal Challengers Bengaluru,Lucknow Super Giants,3,4,-1,1
2024-04-03,2024,Kolkata Knight Riders,Delhi Capitals,Kolkata Knight Riders,5,3,2,1
2024-04-04,2024,Gujarat Titans,Punjab Kings,Punjab Kings,4,5,-1,0
2024-04-05,2024,Chennai Super Kings,Sunrisers Hyderabad,Sunrisers Hyderabad,5,5,0,0
2024-04-06,2024,Royal Challengers Bengaluru,Rajasthan Royals,Rajasthan Royals,4,5,-1,0
2024-04-07,2024,Lucknow Super Giants,Gujarat Titans,Lucknow Super Giants,5,3,2,1
2024-04-07,2024,Mumbai Indians,Delhi Capitals,Mumbai Indians,6,4,2,1
2024-04-08,2024,Kolkata Knight Riders,Chennai Super Kings,Chennai Super Kings,5,3,2,0
2024-04-09,2024,Sunrisers Hyderabad,Punjab Kings,Sunrisers Hyderabad,4,5,-1,1
2024-04-10,2024,Rajasthan Royals,Gujarat Titans,Gujarat Titans,4,3,1,0
2024-04-11,2024,Royal Challengers Bengaluru,Mumbai Indians,Mumbai Indians,5,4,1,0
2024-04-12,2024,Lucknow Super Giants,Delhi Capitals,Delhi Capitals,5,5,0,0
2024-04-13,2024,Punjab Kings,Rajasthan Royals,Rajasthan Royals,4,3,1,0
2024-04-14,2024,Lucknow Super Giants,Kolkata Knight Riders,Kolkata Knight Riders,2,6,-4,0
2024-04-14,2024,Chennai Super Kings,Mumbai Indians,Chennai Super Kings,6,3,3,1
2024-04-15,2024,Sunrisers Hyderabad,Royal Challengers Bengaluru,Sunrisers Hyderabad,6,4,2,1
2024-04-16,2024,Kolkata Knight Riders,Rajasthan Royals,Rajasthan Royals,2,3,-1,0
2024-04-17,2024,Gujarat Titans,Delhi Capitals,Delhi Capitals,7,5,2,0
2024-04-18,2024,Mumbai Indians,Punjab Kings,Mumbai Indians,4,5,-1,1
2024-04-19,2024,Chennai Super Kings,Lucknow Super Giants,Lucknow Super Giants,5,5,0,0
2024-04-20,2024,Sunrisers Hyderabad,Delhi Capitals,Sunrisers Hyderabad,5,3,2,1
2024-04-21,2024,Kolkata Knight Riders,Royal Challengers Bengaluru,Kolkata Knight Riders,5,6,-1,1
2024-04-21,2024,Punjab Kings,Gujarat Titans,Gujarat Titans,3,4,-1,0
2024-04-22,2024,Mumbai Indians,Rajasthan Royals,Rajasthan Royals,4,6,-2,0
2024-04-23,2024,Chennai Super Kings,Lucknow Super Giants,Lucknow Super Giants,4,4,0,0
2024-04-24,2024,Delhi Capitals,Gujarat Titans,Delhi Capitals,4,3,1,1
2024-04-25,2024,Royal Challengers Bengaluru,Sunrisers Hyderabad,Royal Challengers Bengaluru,4,5,-1,1
2024-04-26,2024,Kolkata Knight Riders,Punjab Kings,Punjab Kings,5,5,0,0
2024-04-27,2024,Lucknow Super Giants,Rajasthan Royals,Rajasthan Royals,4,5,-1,0
2024-04-27,2024,Delhi Capitals,Mumbai Indians,Delhi Capitals,3,5,-2,1
2024-04-28,2024,Chennai Super Kings,Sunrisers Hyderabad,Chennai Super Kings,5,3,2,1
2024-04-28,2024,Gujarat Titans,Royal Challengers Bengaluru,Royal Challengers Bengaluru,4,3,1,0
2024-04-29,2024,Delhi Capitals,Kolkata Knight Riders,Kolkata Knight Riders,2,3,-1,0
2024-04-30,2024,Mumbai Indians,Lucknow Super Giants,Lucknow Super Giants,3,3,0,0
2024-05-01,2024,Chennai Super Kings,Punjab Kings,Punjab Kings,3,5,-2,0
2024-05-02,2024,Sunrisers Hyderabad,Rajasthan Royals,Sunrisers Hyderabad,4,5,-1,1
2024-05-03,2024,Kolkata Knight Riders,Mumbai Indians,Kolkata Knight Riders,4,3,1,1
2024-05-04,2024,Gujarat Titans,Royal Challengers Bengaluru,Royal Challengers Bengaluru,6,6,0,0
2024-05-05,2024,Kolkata Knight Riders,Lucknow Super Giants,Kolkata Knight Riders,2,5,-3,1
2024-05-05,2024,Chennai Super Kings,Punjab Kings,Chennai Super Kings,4,4,0,1
2024-05-06,2024,Sunrisers Hyderabad,Mumbai Indians,Mumbai Indians,4,3,1,0
2024-05-07,2024,Delhi Capitals,Rajasthan Royals,Delhi Capitals,8,5,3,1
2024-05-08,2024,Lucknow Super Giants,Sunrisers Hyderabad,Sunrisers Hyderabad,3,2,1,0
2024-05-09,2024,Royal Challengers Bengaluru,Punjab Kings,Royal Challengers Bengaluru,5,4,1,1
2024-05-10,2024,Gujarat Titans,Chennai Super Kings,Gujarat Titans,6,5,1,1
2024-05-11,2024,Kolkata Knight Riders,Mumbai Indians,Kolkata Knight Riders,6,5,1,1
2024-05-12,2024,Rajasthan Royals,Chennai Super Kings,Chennai Super Kings,5,2,3,0
2024-05-12,2024,Royal Challengers Bengaluru,Delhi Capitals,Royal Challengers Bengaluru,3,5,-2,1
2024-05-14,2024,Delhi Capitals,Lucknow Super Giants,Delhi Capitals,2,6,-4,1
2024-05-15,2024,Rajasthan Royals,Punjab Kings,Punjab Kings,3,6,-3,0
2024-05-17,2024,Lucknow Super Giants,Mumbai Indians,Lucknow Super Giants,3,6,-3,1
2024-05-18,2024,Royal Challengers Bengaluru,Chennai Super Kings,Royal Challengers Bengaluru,6,6,0,1
2024-05-19,2024,Punjab Kings,Sunrisers Hyderabad,Sunrisers Hyderabad,4,11,-7,0
2024-05-21,2024,Sunrisers Hyderabad,Kolkata Knight Riders,Kolkata Knight Riders,2,10,-8,0
2024-05-22,2024,Royal Challengers Bengaluru,Rajasthan Royals,Rajasthan Royals,4,7,-3,0
2024-05-24,2024,Sunrisers Hyderabad,Rajasthan Royals,Sunrisers Hyderabad,3,2,1,1
2024-05-26,2024,Sunrisers Hyderabad,Kolkata Knight Riders,Kolkata Knight Riders,2,5,-3,0
2025-03-26,2025,Rajasthan Royals,Kolkata Knight Riders,Kolkata Knight Riders,3,4,-1,0
2025-03-27,2025,Sunrisers Hyderabad,Lucknow Super Giants,Lucknow Super Giants,4,3,1,0
2025-03-28,2025,Royal Challengers Bengaluru,Chennai Super Kings,Royal Challengers Bengaluru,6,5,1,1
2025-03-29,2025,Gujarat Titans,Mumbai Indians,Gujarat Titans,4,6,-2,1
2025-03-30,2025,Sunrisers Hyderabad,Delhi Capitals,Delhi Capitals,3,6,-3,0
2025-03-30,2025,Rajasthan Royals,Chennai Super Kings,Rajasthan Royals,4,2,2,1
2025-03-31,2025,Kolkata Knight Riders,Mumbai Indians,Mumbai Indians,5,2,3,0
2025-04-01,2025,Lucknow Super Giants,Punjab Kings,Punjab Kings,5,7,-2,0
2025-04-02,2025,Royal Challengers Bengaluru,Gujarat Titans,Gujarat Titans,5,4,1,0
2025-04-03,2025,Kolkata Knight Riders,Sunrisers Hyderabad,Kolkata Knight Riders,3,4,-1,1
2025-04-04,2025,Lucknow Super Giants,Mumbai Indians,Lucknow Super Giants,3,4,-1,1
2025-04-05,2025,Rajasthan Royals,Punjab Kings,Rajasthan Royals,6,4,2,1
2025-04-05,2025,Delhi Capitals,Chennai Super Kings,Delhi Capitals,6,6,0,1
2025-04-06,2025,Sunrisers Hyderabad,Gujarat Titans,Gujarat Titans,3,4,-1,0
2025-04-07,2025,Royal Challengers Bengaluru,Mumbai Indians,Royal Challengers Bengaluru,5,3,2,1
2025-04-08,2025,Punjab Kings,Chennai Super Kings,Punjab Kings,3,3,0,1
2025-04-08,2025,Lucknow Super Giants,Kolkata Knight Riders,Lucknow Super Giants,4,5,-1,1
2025-04-09,2025,Gujarat Titans,Rajasthan Royals,Gujarat Titans,3,4,-1,1
2025-04-10,2025,Royal Challengers Bengaluru,Delhi Capitals,Delhi Capitals,3,5,-2,0
2025-04-11,2025,Chennai Super Kings,Kolkata Knight Riders,Kolkata Knight Riders,3,3,0,0
2025-04-12,2025,Gujarat Titans,Lucknow Super Giants,Lucknow Super Giants,3,4,-1,0
2025-04-12,2025,Punjab Kings,Sunrisers Hyderabad,Sunrisers Hyderabad,4,6,-2,0
2025-04-13,2025,Rajasthan Royals,Royal Challengers Bengaluru,Royal Challengers Bengaluru,4,3,1,0
2025-04-13,2025,Mumbai Indians,Delhi Capitals,Mumbai Indians,6,3,3,1
2025-04-14,2025,Lucknow Super Giants,Chennai Super Kings,Chennai Super Kings,2,3,-1,0
2025-04-15,2025,Punjab Kings,Kolkata Knight Riders,Punjab Kings,3,4,-1,1
2025-04-17,2025,Sunrisers Hyderabad,Mumbai Indians,Mumbai Indians,5,4,1,0
2025-04-18,2025,Royal Challengers Bengaluru,Punjab Kings,Punjab Kings,5,3,2,0
2025-04-19,2025,Delhi Capitals,Gujarat Titans,Gujarat Titans,6,7,-1,0
2025-04-19,2025,Lucknow Super Giants,Rajasthan Royals,Lucknow Super Giants,5,6,-1,1
2025-04-20,2025,Punjab Kings,Royal Challengers Bengaluru,Royal Challengers Bengaluru,2,2,0,0
2025-04-20,2025,Chennai Super Kings,Mumbai Indians,Mumbai Indians,6,3,3,0
2025-04-21,2025,Gujarat Titans,Kolkata Knight Riders,Gujarat Titans,2,6,-4,1
2025-04-22,2025,Lucknow Super Giants,Delhi Capitals,Delhi Capitals,3,3,0,0
2025-04-23,2025,Sunrisers Hyderabad,Mumbai Indians,Mumbai Indians,6,3,3,0
2025-04-24,2025,Royal Challengers Bengaluru,Rajasthan Royals,Royal Challengers Bengaluru,4,5,-1,1
2025-04-25,2025,Chennai Super Kings,Sunrisers Hyderabad,Sunrisers Hyderabad,5,2,3,0
2025-04-27,2025,Mumbai Indians,Lucknow Super Giants,Mumbai Indians,4,5,-1,1
2025-04-27,2025,Delhi Capitals,Royal Challengers Bengaluru,Royal Challengers Bengaluru,5,3,2,0
2025-04-28,2025,Gujarat Titans,Rajasthan Royals,Rajasthan Royals,7,4,3,0
2025-04-29,2025,Kolkata Knight Riders,Delhi Capitals,Kolkata Knight Riders,8,2,6,1
2025-04-30,2025,Chennai Super Kings,Punjab Kings,Punjab Kings,5,10,-5,0
2025-05-01,2025,Mumbai Indians,Rajasthan Royals,Mumbai Indians,4,3,1,1
2025-05-02,2025,Gujarat Titans,Sunrisers Hyderabad,Gujarat Titans,4,7,-3,1
2025-05-03,2025,Royal Challengers Bengaluru,Chennai Super Kings,Royal Challengers Bengaluru,6,3,3,1
2025-05-04,2025,Punjab Kings,Lucknow Super Giants,Punjab Kings,4,7,-3,1
2025-05-04,2025,Kolkata Knight Riders,Rajasthan Royals,Kolkata Knight Riders,5,3,2,1
2025-05-06,2025,Mumbai Indians,Gujarat Titans,Gujarat Titans,5,4,1,0
2025-05-07,2025,Kolkata Knight Riders,Chennai Super Kings,Chennai Super Kings,3,4,-1,0
2025-05-18,2025,Delhi Capitals,Gujarat Titans,Gujarat Titans,19,12,7,0
2025-05-18,2025,Punjab Kings,Rajasthan Royals,Punjab Kings,14,14,0,1
2025-05-19,2025,Lucknow Super Giants,Sunrisers Hyderabad,Sunrisers Hyderabad,15,17,-2,0
2025-05-20,2025,Chennai Super Kings,Rajasthan Royals,Rajasthan Royals,13,2,11,0
2025-05-21,2025,Mumbai Indians,Delhi Capitals,Mumbai Indians,15,3,12,1
2025-05-22,2025,Lucknow Super Giants,Gujarat Titans,Lucknow Super Giants,3,4,-1,1
2025-05-23,2025,Sunrisers Hyderabad,Royal Challengers Bengaluru,Sunrisers Hyderabad,4,20,-16,1
2025-05-24,2025,Punjab Kings,Delhi Capitals,Delhi Capitals,6,3,3,0
2025-05-25,2025,Sunrisers Hyderabad,Kolkata Knight Riders,Sunrisers Hyderabad,2,18,-16,1
2025-05-25,2025,Chennai Super Kings,Gujarat Titans,Chennai Super Kings,5,3,2,1
2025-05-26,2025,Mumbai Indians,Punjab Kings,Punjab Kings,5,2,3,0
2025-05-27,2025,Lucknow Super Giants,Royal Challengers Bengaluru,Royal Challengers Bengaluru,5,4,1,0
2025-05-29,2025,Punjab Kings,Royal Challengers Bengaluru,Royal Challengers Bengaluru,3,2,1,0
2025-05-30,2025,Mumbai Indians,Gujarat Titans,Mumbai Indians,4,5,-1,1
2025-06-01,2025,Mumbai Indians,Punjab Kings,Punjab Kings,2,3,-1,0
2025-06-03,2025,Royal Challengers Bengaluru,Punjab Kings,Royal Challengers Bengaluru,5,2,3,1
2026-04-02,2026,Sunrisers Hyderabad,Kolkata Knight Riders,Sunrisers Hyderabad,5,4,1,1
2026-04-03,2026,Chennai Super Kings,Punjab Kings,Punjab Kings,4,3,1,0
2026-04-04,2026,Mumbai Indians,Delhi Capitals,Delhi Capitals,6,3,3,0
2026-04-04,2026,Rajasthan Royals,Gujarat Titans,Rajasthan Royals,5,4,1,1
2026-04-05,2026,Royal Challengers Bengaluru,Chennai Super Kings,Royal Challengers Bengaluru,8,2,6,1
2026-04-05,2026,Sunrisers Hyderabad,Lucknow Super Giants,Lucknow Super Giants,3,4,-1,0
2026-04-07,2026,Rajasthan Royals,Mumbai Indians,Rajasthan Royals,3,3,0,1
2026-04-08,2026,Gujarat Titans,Delhi Capitals,Gujarat Titans,4,4,0,1
2026-04-09,2026,Kolkata Knight Riders,Lucknow Super Giants,Lucknow Super Giants,7,4,3,0
2026-04-10,2026,Royal Challengers Bengaluru,Rajasthan Royals,Rajasthan Royals,5,3,2,0
2026-04-11,2026,Chennai Super Kings,Delhi Capitals,Chennai Super Kings,6,3,3,1
2026-04-11,2026,Sunrisers Hyderabad,Punjab Kings,Punjab Kings,6,8,-2,0
2026-04-12,2026,Lucknow Super Giants,Gujarat Titans,Gujarat Titans,3,4,-1,0
2026-04-12,2026,Royal Challengers Bengaluru,Mumbai Indians,Royal Challengers Bengaluru,2,5,-3,1
2026-04-13,2026,Sunrisers Hyderabad,Rajasthan Royals,Sunrisers Hyderabad,2,3,-1,1
2026-04-14,2026,Chennai Super Kings,Kolkata Knight Riders,Chennai Super Kings,3,5,-2,1
2026-04-15,2026,Lucknow Super Giants,Royal Challengers Bengaluru,Royal Challengers Bengaluru,3,3,0,0
2026-04-16,2026,Mumbai Indians,Punjab Kings,Punjab Kings,4,5,-1,0
2026-04-17,2026,Kolkata Knight Riders,Gujarat Titans,Gujarat Titans,3,5,-2,0
2026-04-18,2026,Royal Challengers Bengaluru,Delhi Capitals,Delhi Capitals,3,7,-4,0
2026-04-18,2026,Sunrisers Hyderabad,Chennai Super Kings,Sunrisers Hyderabad,5,4,1,1
2026-04-19,2026,Punjab Kings,Lucknow Super Giants,Punjab Kings,3,4,-1,1
2026-04-19,2026,Rajasthan Royals,Kolkata Knight Riders,Kolkata Knight Riders,6,2,4,0
2026-04-20,2026,Mumbai Indians,Gujarat Titans,Mumbai Indians,4,3,1,1
2026-04-21,2026,Sunrisers Hyderabad,Delhi Capitals,Sunrisers Hyderabad,3,3,0,1
2026-04-22,2026,Rajasthan Royals,Lucknow Super Giants,Rajasthan Royals,3,3,0,1
2026-04-23,2026,Chennai Super Kings,Mumbai Indians,Chennai Super Kings,5,3,2,1
2026-04-24,2026,Gujarat Titans,Royal Challengers Bengaluru,Royal Challengers Bengaluru,4,6,-2,0
2026-04-25,2026,Rajasthan Royals,Sunrisers Hyderabad,Sunrisers Hyderabad,3,4,-1,0
2026-04-25,2026,Delhi Capitals,Punjab Kings,Punjab Kings,4,6,-2,0
2026-04-26,2026,Chennai Super Kings,Gujarat Titans,Gujarat Titans,3,2,1,0
2026-04-27,2026,Delhi Capitals,Royal Challengers Bengaluru,Royal Challengers Bengaluru,2,3,-1,0
2026-04-28,2026,Punjab Kings,Rajasthan Royals,Rajasthan Royals,3,3,0,0
2026-04-29,2026,Mumbai Indians,Sunrisers Hyderabad,Sunrisers Hyderabad,6,4,2,0
2026-04-30,2026,Royal Challengers Bengaluru,Gujarat Titans,Gujarat Titans,3,4,-1,0
2026-05-01,2026,Rajasthan Royals,Delhi Capitals,Delhi Capitals,3,4,-1,0
2026-05-02,2026,Mumbai Indians,Chennai Super Kings,Chennai Super Kings,3,6,-3,0
2026-05-03,2026,Punjab Kings,Gujarat Titans,Gujarat Titans,5,3,2,0
2026-05-03,2026,Sunrisers Hyderabad,Kolkata Knight Riders,Kolkata Knight Riders,4,14,-10,0
2026-05-04,2026,Lucknow Super Giants,Mumbai Indians,Mumbai Indians,12,2,10,0
2026-05-05,2026,Delhi Capitals,Chennai Super Kings,Chennai Super Kings,4,3,1,0
2026-05-06,2026,Sunrisers Hyderabad,Punjab Kings,Sunrisers Hyderabad,3,3,0,1
